Operational Profile,Engine Load (%),Potencia Maxima (kw),Engines Running,Speed (kn),Draft Bow (m),Draft Stern (m),DURAÇÃO (h),MDO (m³),MDO (m³/h),Consumo Estimado (m³/h),Consumo Estimado (g/kWh),Consumo Estimado,Unnamed: 13
Eco Transit,0.34,788.8000000000001,2.0,8.88457746,4.706,3.456,0.0197222222222222,0.01502901,0.762034309859155,0.0408085274627272,227.33980000000005,454.6796000000001,1.7153170742934685
Eco Transit,0.33,765.6,2.0,8.74700485,4.23274272,4.20600971,0.1144444444444444,0.080069,0.6996320388349515,0.0398494911675,228.72430000000003,457.44860000000006,0.5023106174986574
Eco Transit,0.25,580.0,2.0,6.44244186,2.6025814,4.42511628,0.0358333333333333,0.017661,0.4928651162790697,0.0317706546875,240.7075,481.415,0.7989159553536046
Transit,0.3,696.0,2.0,9.25171,2.516389,4.555623,0.1722222222222222,0.112719,0.6544974193548387,0.0369086159318181,233.029,466.0580000000001,0.6725608288592146
Transit,0.35,812.0,2.0,10.96376136,4.40068182,4.69162879,0.0733333333333333,0.056748,0.7738363636363637,0.0417576012556818,225.9805,451.961,0.2641573050031399
Transit,0.36,835.1999999999999,2.0,8.98959701,4.481,4.012,0.0186111111111111,0.015078,0.8101611940298508,0.04269711168,224.64640000000003,449.29280000000006,1.831749017111023
Transit,0.35,812.0,2.0,9.1694466,2.563,3.83641748,0.0286111111111111,0.02215199,0.7742443106796116,0.0417576012556818,225.9805,451.961,0.88504966170903
Transit,0.33,765.6,2.0,10.66663821,4.41570676,4.81240472,3.533333333333333,2.526728,0.7151116981132075,0.0398494911675,228.72430000000003,457.44860000000006,0.9842288164109868
Transit,0.31,719.2,2.0,9.02792727,2.485,4.83492727,0.0152777777777777,0.010386,0.679810909090909,0.0378999345356818,231.5689,463.1378,2.649136774088372
Eco Transit,0.3,696.0,2.0,7.28155039,4.63654264,4.22130233,0.1075,0.07118857,0.6622192558139535,0.0369086159318181,233.029,466.0580000000001,0.4815373320208823
Eco Transit,0.32,742.4,2.0,8.93357143,4.27042857,4.249,0.0174999999999999,0.012145,0.6940000000000001,0.0388800932363636,230.134,460.268,2.201325091507916
Transit,0.35,812.0,2.0,10.71373451,2.59517699,4.62989675,0.0941666666666666,0.074373,0.7898017699115044,0.0417576012556818,225.9805,451.961,0.4385381622943566
Transit,0.33,765.6,2.0,10.9779589,4.42767808,4.81411644,0.0811111111111111,0.057994,0.7149945205479452,0.0398494911675,228.72430000000003,457.44860000000006,0.3128687249111976
Transit,0.33,765.6,2.0,10.16226824,2.41882997,4.38934942,0.9786111111111112,0.705537,0.720957479420948,0.0398494911675,228.72430000000003,457.44860000000006,0.943518920811382
Fast Transit,0.3,696.0,2.0,11.007495,2.576849,4.382957,0.0275,0.017396,0.6325818181818181,0.0369086159318181,233.029,466.0580000000001,1.121672564487134
Fast Transit,0.35,812.0,2.0,11.157,4.382,3.827,0.0041666666666666,0.003439,0.8253600000000001,0.0417576012556818,225.9805,451.961,11.142367332271537
Transit,0.33,765.6,2.0,10.73009548,2.56093793,4.1789745,4.739166666666667,3.393241,0.7159995076490241,0.0398494911675,228.72430000000003,457.44860000000006,0.9882562154684856
Transit,0.32,742.4,2.0,9.0151875,4.22567708,4.23786458,0.0266666666666666,0.018409,0.6903374999999999,0.0388800932363636,230.134,460.268,1.1120154943975036
Eco Transit,0.35,812.0,2.0,8.864,4.534,4.105,0.0161111111111111,0.012255,0.7606551724137931,0.0417576012556818,225.9805,451.961,2.4073930033196094
Transit,0.33,765.6,2.0,9.236,4.533,4.107,0.0030555555555555,0.002273,0.743890909090909,0.0398494911675,228.72430000000003,457.44860000000006,16.53167231302244
Eco Transit,0.32,742.4,2.0,8.6167,4.24614631,4.27913238,0.6777777777777777,0.46528701,0.6864890311475411,0.0388800932363636,230.134,460.268,0.9164384725970244
Fast Transit,0.31,719.2,2.0,11.05605932,2.55649576,3.78525424,0.0655555555555555,0.042706,0.6514474576271186,0.0378999345356818,231.5689,463.1378,0.1125384129704999
Eco Transit,0.34,788.8000000000001,2.0,8.87361584,2.53758358,4.23137537,0.1894444444444444,0.137172,0.724075073313783,0.0408085274627272,227.33980000000005,454.6796000000001,0.7025010391134686
Eco Transit,0.35,812.0,2.0,8.905,4.443,4.142,0.0086111111111111,0.006467,0.7510064516129031,0.0417576012556818,225.9805,451.961,5.457028182415621
Transit,0.24,556.8,2.0,9.91089796,2.553,4.12059184,0.0136111111111111,0.00718299,0.5277298775510204,0.0307039948581818,242.3188,484.6376,3.2745423365731843
Eco Transit,0.31,719.2,2.0,7.93683529,2.36467059,4.33798824,0.0708333333333333,0.04699101,0.6634024941176471,0.0378999345356818,231.5689,463.1378,0.193464142701299
Eco Transit,0.32,742.4,2.0,8.95893262,2.60940785,4.11577985,0.0288888888888888,0.019391,0.6712269230769231,0.0388800932363636,230.134,460.268,1.0050586992090993
Eco Transit,0.32,742.4,2.0,8.4431387,2.56941475,4.41291709,1.423888888888889,0.98384,0.6909527896995709,0.0388800932363636,230.134,460.268,0.9604812843182188
Transit,0.34,788.8000000000001,2.0,9.16245455,4.532,4.106,0.0030555555555555,0.002258,0.7389818181818182,0.0408085274627272,227.33980000000005,454.6796000000001,17.07286424390048
Eco Transit,0.35,812.0,2.0,8.83,4.456,4.167,0.0075,0.00565301,0.7537346666666667,0.0417576012556818,225.9805,451.961,6.386790622284733
Eco Transit,0.33,765.6,2.0,8.976088,2.501702,3.724446,0.0094444444444444,0.006693,0.7086705882352942,0.0398494911675,228.72430000000003,457.44860000000006,4.953905747422681
Eco Transit,0.23,533.6,2.0,4.07464706,3.87037647,4.06408235,0.0472222222222222,0.020959,0.4438376470588235,0.0296233811902272,243.9553,487.9106,0.4133966883070414
Transit,0.35,812.0,2.0,10.15877508,4.72369921,4.29158138,7.003888888888889,5.574448,0.7959075434282542,0.0417576012556818,225.9805,451.961,0.9925091056090788
Fast Transit,0.32,742.4,2.0,11.0525302,4.42720805,4.801,0.0413888888888888,0.02939999,0.7103353288590604,0.0388800932363636,230.134,460.268,0.3224526007105322
Transit,0.27,626.4000000000001,2.0,9.90557895,2.591,4.277,0.0158333333333333,0.00998401,0.6305690526315789,0.0338637093647727,237.5605,475.121,2.391794415748054
Eco Transit,0.23,533.6,2.0,5.90869416,4.4879838,4.4258226,0.7374999999999999,0.333019,0.451551186440678,0.0296233811902272,243.9553,487.9106,0.9110459727816512
Fast Transit,0.33,765.6,2.0,11.19433368,2.5659399,4.11845492,1.0722222222222222,0.774654,0.7224752331606218,0.0398494911675,228.72430000000003,457.44860000000006,0.9485583355052708
Eco Transit,0.36,835.1999999999999,2.0,8.83261947,2.566,3.84693805,0.0313888888888888,0.02482,0.7907256637168141,0.04269711168,224.64640000000003,449.29280000000006,0.7202704141821115
Eco Transit,0.32,742.4,2.0,8.04574929,4.25623088,4.26184703,0.3922222222222222,0.27295098,0.695909014164306,0.0388800932363636,230.134,460.268,0.8575564988395951
Eco Transit,0.34,788.8000000000001,2.0,7.99217475,4.56316685,3.68870462,0.2463888888888888,0.178583,0.724801352874859,0.0408085274627272,227.33980000000005,454.6796000000001,0.7714870538476378
Fast Transit,0.31,719.2,2.0,11.03256627,2.63422169,4.05768916,0.1152777777777777,0.074337,0.6448510843373494,0.0378999345356818,231.5689,463.1378,0.4901605588646054
Fast Transit,0.37,858.4,2.0,11.06010526,4.57703759,4.46896241,0.0369444444444444,0.030925,0.8370676691729323,0.0436274578693181,223.3375,446.675,0.4107504565664731
Transit,0.36,835.1999999999999,2.0,9.180188,2.417027,4.515343,0.5105555555555555,0.406428,0.7960504896626769,0.04269711168,224.64640000000003,449.29280000000006,0.8949454474593286
Eco Transit,0.31,719.2,2.0,8.892133,2.515205,4.559813,0.0041666666666666,0.00279,0.6696,0.0378999345356818,231.5689,463.1378,12.58420592676768
Eco Transit,0.29,672.8,2.0,8.75681818,4.53662338,3.896,0.0213888888888888,0.01283701,0.6001718961038961,0.0359057382911363,234.5143,469.0286,1.797048400767497
Eco Transit,0.23,533.6,2.0,5.28186688,4.68841354,4.23053431,0.6072222222222222,0.27163,0.4473321134492223,0.0296233811902272,243.9553,487.9106,0.8909421595912554
Eco Transit,0.34,788.8000000000001,2.0,8.96390323,2.53427419,4.49851613,0.0344444444444444,0.025187,0.7312354838709678,0.0408085274627272,227.33980000000005,454.6796000000001,0.6202218391522326
Transit,0.32,742.4,2.0,9.077,2.488,4.849,0.0058333333333333,0.003998,0.6853714285714285,0.0388800932363636,230.134,460.268,8.724885751966895
Eco Transit,0.36,835.1999999999999,2.0,8.81314894,2.562,3.85,0.0130555555555555,0.01030699,0.789471574468085,0.04269711168,224.64640000000003,449.29280000000006,3.142539352420057
Eco Transit,0.31,719.2,2.0,7.597764,2.53578784,4.51610608,0.2330555555555555,0.15181501,0.6514112467222885,0.0378999345356818,231.5689,463.1378,0.7503544969915569
Eco Transit,0.23,533.6,2.0,7.09824903,4.696,4.22696887,0.0713888888888888,0.032058,0.4490614785992218,0.0296233811902272,243.9553,487.9106,0.0759441889629023
Transit,0.3,696.0,2.0,10.953532,2.582117,4.350752,0.0919444444444444,0.059314,0.6451069486404835,0.0369086159318181,233.029,466.0580000000001,0.3777419170546888
Fast Transit,0.35,812.0,2.0,11.00736765,4.60345588,4.225,0.0188888888888888,0.01471199,0.7788700588235293,0.0417576012556818,225.9805,451.961,1.8383380668204516
Eco Transit,0.26,603.2,2.0,4.53707143,2.537,4.203,0.0233333333333333,0.012373,0.5302714285714286,0.0328237598118181,239.1214,478.2428000000001,1.6528537793435851
Eco Transit,0.23,533.6,2.0,5.36760736,4.90586065,3.97265995,0.3169444444444444,0.137929,0.435183523225241,0.0296233811902272,243.9553,487.9106,0.7852273184737997
Transit,0.28,649.6,2.0,9.18508303,4.46350542,3.64220578,0.0769444444444444,0.043531,0.5657458483754513,0.03489090248,236.02480000000003,472.04960000000005,0.1984814849187933
Eco Transit,0.36,835.1999999999999,2.0,8.899284,2.425416,4.557735,0.0430555555555555,0.034449,0.8001058064516129,0.04269711168,224.64640000000003,449.29280000000006,0.2394296403378908
Eco Transit,0.24,556.8,2.0,5.55571478,4.88958419,4.01808935,0.0808333333333333,0.037254,0.4608742268041237,0.0307039948581818,242.3188,484.6376,0.1758201841901053
Eco Transit,0.21,487.2,2.0,5.74825057,4.73622779,3.97930752,0.6097222222222222,0.239238,0.3923721184510251,0.0274186958038636,247.3039,494.6078,0.8853915523292134
Transit,0.32,742.4,2.0,9.25285747,4.23109643,4.24442489,0.7230555555555556,0.502565,0.6950572416442566,0.0388800932363636,230.134,460.268,0.9226366873213144
Transit,0.32,742.4,2.0,9.00776639,4.2671168,4.26553484,0.1355555555555555,0.094031,0.69367131147541,0.0388800932363636,230.134,460.268,0.5865183478175959
Transit,0.28,649.6,2.0,10.72468449,2.58557219,4.60815627,0.4675,0.271533,0.5808192513368984,0.03489090248,236.02480000000003,472.04960000000005,0.8715040069531144
Fast Transit,0.35,812.0,2.0,11.214,4.518,4.386,0.0044444444444444,0.003534,0.7951499999999999,0.0417576012556818,225.9805,451.961,10.815959608285745
Transit,0.34,788.8000000000001,2.0,9.04923404,4.613,3.89,0.0130555555555555,0.00984899,0.7543907234042553,0.0408085274627272,227.33980000000005,454.6796000000001,3.14342257051
Transit,0.33,765.6,2.0,9.07139098,2.556,4.23566917,0.0369444444444444,0.026191,0.7089293233082706,0.0398494911675,228.72430000000003,457.44860000000006,0.521495596483525
Eco Transit,0.24,556.8,2.0,5.99930151,4.70237186,4.11033166,0.3316666666666666,0.15907201,0.4796141005025126,0.0307039948581818,242.3188,484.6376,0.8069805312815133
Eco Transit,0.22,510.4,2.0,6.40254217,4.50073769,3.68538657,0.8069444444444445,0.315475,0.3909500860585198,0.02852841455,245.617,491.234,0.9095699673508202
Eco Transit,0.22,510.4,2.0,5.23434978,4.4776278,3.94428251,0.0619444444444444,0.02512901,0.4056701165919282,0.02852841455,245.617,491.234,0.135278092929248
Eco Transit,0.32,742.4,2.0,8.86334,4.51178,3.69478,0.0138888888888888,0.01001,0.72072,0.0388800932363636,230.134,460.268,2.8841251984379266
Transit,0.29,672.8,2.0,9.38,4.508,3.844,0.0072222222222222,0.004349,0.6021692307692308,0.0359057382911363,234.5143,469.0286,7.256090662482495
Eco Transit,0.24,556.8,2.0,5.10157182,4.81226519,4.13554972,0.4022222222222222,0.183715,0.4567499999999999,0.0307039948581818,242.3188,484.6376,0.8328715953613923
Eco Transit,0.29,672.8,2.0,8.89196296,4.466,3.814,0.0075,0.004378,0.5837333333333333,0.0359057382911363,234.5143,469.0286,7.201402076550107
Eco Transit,0.27,626.4000000000001,2.0,7.73027737,4.6791589,4.31172207,0.4947222222222222,0.278833,0.563615272318922,0.0338637093647727,237.5605,475.121,0.878552002938057
Eco Transit,0.23,533.6,2.0,5.15577622,2.453,4.50465734,0.0794444444444444,0.036304,0.4569734265734266,0.0296233811902272,243.9553,487.9106,0.1840188081140569
Eco Transit,0.34,788.8000000000001,1.9965338,8.34762565,2.52240836,4.23408557,1.2822222222222222,0.92710699,0.7230470459272097,0.0408085274627272,227.33980000000005,454.6796000000001,0.9559829362706808
Eco Transit,0.35,812.0,2.0,8.939,4.629,4.038,0.005,0.003731,0.7462,0.0417576012556818,225.9805,451.961,10.19206680666894
Transit,0.33,765.6,2.0,9.35882563,2.38436358,4.21013734,3.480833333333333,2.521218,0.724314484079483,0.0398494911675,228.72430000000003,457.44860000000006,0.9841943492520284
Transit,0.33,765.6,2.0,10.932,4.411,4.826,0.0097222222222222,0.00695,0.7148571428571429,0.0398494911675,228.72430000000003,457.44860000000006,4.733739736330936
Transit,0.33,765.6,2.0,9.26410092,2.54661468,4.23661468,0.0302777777777777,0.02147299,0.7091996697247707,0.0398494911675,228.72430000000003,457.44860000000006,0.8557961032674071
Eco Transit,0.34,788.8000000000001,2.0,8.69623881,2.52474414,4.23636247,0.1302777777777777,0.094354,0.7242524520255863,0.0408085274627272,227.33980000000005,454.6796000000001,0.56749552257745
Transit,0.33,765.6,2.0,9.06139837,2.561,4.03612195,0.0683333333333333,0.049524,0.7247414634146342,0.0398494911675,228.72430000000003,457.44860000000006,0.1953499077719893
Eco Transit,0.2,464.0,2.0,4.07834483,4.666,4.71,0.0080555555555555,0.002697,0.3348,0.0262938258181818,249.016,498.032,8.749286547342162
Eco Transit,0.22,510.4,2.0,4.42082609,4.678,4.386,0.0191666666666666,0.008469,0.4418608695652175,0.02852841455,245.617,491.234,2.368569435588617
Eco Transit,0.26,603.2,2.0,7.190674,2.537743,4.524734,0.0605555555555555,0.031064,0.5129834862385321,0.0328237598118181,239.1214,478.2428000000001,0.0566494917530962
Transit,0.35,812.0,2.0,11.00677926,4.54597324,3.89394649,0.0830555555555555,0.065424,0.787713712374582,0.0417576012556818,225.9805,451.961,0.3617387922523566
Eco Transit,0.23,533.6,2.0,7.39975766,2.5871727,3.94644568,0.0997222222222222,0.042279,0.4239676880222841,0.0296233811902272,243.9553,487.9106,0.2993358123364488
Eco Transit,0.22,510.4,2.0,5.52553118,4.69025404,4.11987067,0.4811111111111111,0.208852,0.4341034642032333,0.02852841455,245.617,491.234,0.8634036803573824
Fast Transit,0.28,649.6,2.0,11.05314286,2.587,4.586,0.0077777777777777,0.004505,0.5792142857142858,0.03489090248,236.02480000000003,472.04960000000005,6.744928408435072
Eco Transit,0.33,765.6,2.0,8.91439535,4.28730233,4.27634884,0.0477777777777777,0.03341699,0.6994253720930232,0.0398494911675,228.72430000000003,457.44860000000006,0.1924919380081808
Eco Transit,0.22,510.4,2.0,4.09366372,4.661,3.919,0.1883333333333333,0.073499,0.3902601769911504,0.02852841455,245.617,491.234,0.6118530245309459
Transit,0.34,788.8000000000001,2.0,9.24965644,4.45365031,4.15328221,0.1811111111111111,0.133592,0.7376245398773006,0.0408085274627272,227.33980000000005,454.6796000000001,0.6945286584321869
Eco Transit,0.24,556.8,2.0,6.91126486,4.39444324,4.42999459,0.0513888888888888,0.024218,0.4712691891891891,0.0307039948581818,242.3188,484.6376,0.2678171136419943
Transit,0.3,696.0,2.0,10.978452,2.58098,4.356585,0.0233333333333333,0.014971,0.6416142857142857,0.0369086159318181,233.029,466.0580000000001,1.4653407208481857
Transit,0.31,719.2,2.0,9.03770199,2.478,4.72223841,0.0419444444444444,0.02842299,0.6776341986754967,0.0378999345356818,231.5689,463.1378,0.3334253199850484
Fast Transit,0.31,719.2,2.0,11.08522407,4.43812863,4.7933195,0.0669444444444444,0.045435,0.6786970954356847,0.0378999345356818,231.5689,463.1378,0.1658427525986172
Eco Transit,0.33,765.6,2.0,8.99198214,2.431,4.03969643,0.0155555555555555,0.01094999,0.7039279285714286,0.0398494911675,228.72430000000003,457.44860000000006,2.6392262611655357
Eco Transit,0.25,580.0,2.0,6.70779873,4.68625646,3.36139905,3.5027777777777778,1.78856601,0.5106136111022997,0.0317706546875,240.7075,481.415,0.9822368005933982
Fast Transit,0.35,812.0,2.0,11.11287552,4.53806642,3.90344183,1.2630555555555556,0.99357399,0.7866431414119199,0.0417576012556818,225.9805,451.961,0.9579723285070276
Transit,0.3,696.0,2.0,9.84758498,2.40621916,3.94533538,0.8580555555555556,0.528283,0.6156745872450631,0.0369086159318181,233.029,466.0580000000001,0.9301347650183364
Eco Transit,0.34,788.8000000000001,2.0,8.73227586,2.561,4.01075862,0.0322222222222222,0.02419701,0.7509416896551725,0.0408085274627272,227.33980000000005,454.6796000000001,0.6865111624422721
Eco Transit,0.26,603.2,2.0,7.55382768,4.74274501,4.09165462,0.0580555555555555,0.030962,0.5333167464114833,0.0328237598118181,239.1214,478.2428000000001,0.0601304764491371
Eco Transit,0.35,812.0,2.0,8.92612821,4.46,4.17597436,0.0325,0.024358,0.749476923076923,0.0417576012556818,225.9805,451.961,0.7143279930898191
Eco Transit,0.33,765.6,2.0,8.987,2.404,3.93781818,0.0030555555555555,0.002134,0.6984,0.0398494911675,228.72430000000003,457.44860000000006,17.673613480552955
Eco Transit,0.24,556.8,2.0,7.60850605,2.55604358,4.11587893,0.1147222222222222,0.051599,0.4497733656174334,0.0307039948581818,242.3188,484.6376,0.4049498079772511
Fast Transit,0.35,812.0,2.0,11.007,4.578,3.873,0.0075,0.005992,0.7989333333333334,0.0417576012556818,225.9805,451.961,5.968892065367459
Transit,0.35,812.0,2.0,9.18967647,2.565,3.90952941,0.0094444444444444,0.007284,0.7712470588235294,0.0417576012556818,225.9805,451.961,4.73278435690305
Eco Transit,0.32,742.4,2.0,8.81027907,4.521,3.686,0.0119444444444444,0.008113,0.6792279069767442,0.0388800932363636,230.134,460.268,3.7923201326714704
Eco Transit,0.2,464.0,2.0,4.088,4.667,4.704,0.0030555555555555,0.001023,0.3348,0.0262938258181818,249.016,498.032,24.70266453390207
Eco Transit,0.25,580.0,2.0,4.8509645,2.59865089,4.417,0.0469444444444444,0.02282799,0.4862767100591716,0.0317706546875,240.7075,481.415,0.3917412215223509
Eco Transit,0.19,440.8,2.0,4.04325,4.672,4.72075,0.0144444444444444,0.00477,0.3302307692307692,0.0251534054593181,250.7533,501.5066000000001,4.273250620402135
Transit,0.33,765.6,2.0,9.38096553,4.40349283,3.8442901,0.8138888888888889,0.590915,0.7260389078498293,0.0398494911675,228.72430000000003,457.44860000000006,0.9325630739319528
Fast Transit,0.35,812.0,2.0,11.06988421,4.577,3.992,0.0263888888888888,0.02105299,0.7977975157894737,0.0417576012556818,225.9805,451.961,0.9834522913696256
Fast Transit,0.35,812.0,2.0,11.29457143,4.518,4.38707143,0.0038888888888888,0.003068,0.7889142857142857,0.0417576012556818,225.9805,451.961,12.610691413194854
Eco Transit,0.19,440.8,2.0,4.04823834,4.53631088,3.89586528,0.0536111111111111,0.017855,0.3330466321243522,0.0251534054593181,250.7533,501.5066000000001,0.4087597568926455
Eco Transit,0.36,835.1999999999999,2.0,8.84046341,2.56568293,3.86495122,0.0341666666666666,0.02711701,0.7936685853658537,0.04269711168,224.64640000000003,449.29280000000006,0.5745508697308443
Eco Transit,0.2,464.0,2.0,6.42178846,2.49,4.34919231,0.0433333333333333,0.01506899,0.3477459230769231,0.0262938258181818,249.016,498.032,0.7448963612147739
Eco Transit,0.26,603.2,2.0,8.36387765,2.37274756,5.03689403,0.2266666666666666,0.116645,0.514610294117647,0.0328237598118181,239.1214,478.2428000000001,0.7186012275552474
Eco Transit,0.32,742.4,2.0,7.88695987,4.47009699,3.87450502,0.0830555555555555,0.057281,0.6896709030100335,0.0388800932363636,230.134,460.268,0.3212392724225547
Transit,0.35,812.0,2.0,9.44340662,2.56431057,3.8674333,0.2602777777777778,0.20119901,0.7730164738527215,0.0417576012556818,225.9805,451.961,0.7924562290058892
Transit,0.28,649.6,2.0,8.98742857,4.46057143,3.85257143,0.0116666666666666,0.006685,0.573,0.03489090248,236.02480000000003,472.04960000000005,4.219282345549739
Transit,0.28,649.6,2.0,9.029375,4.452,3.851,0.0111111111111111,0.006401,0.57609,0.03489090248,236.02480000000003,472.04960000000005,4.45085181690361
Transit,0.31,719.2,2.0,9.09145992,2.48437975,4.79845992,0.1974999999999999,0.133826,0.6776000000000001,0.0378999345356818,231.5689,463.1378,0.7167969263395616
Eco Transit,0.35,812.0,2.0,8.81998,2.601436,4.540647,0.0280555555555555,0.021438,0.7641267326732673,0.0417576012556818,225.9805,451.961,0.9478310129527856
Fast Transit,0.31,719.2,2.0,10.99239474,4.436,4.793,0.0105555555555555,0.007216,0.6836210526315789,0.0378999345356818,231.5689,463.1378,4.252208222794045
Fast Transit,0.32,742.4,2.0,10.995,4.641,4.149,0.005,0.003467,0.6934,0.0388800932363636,230.134,460.268,10.214333209219395
Transit,0.33,765.6,2.0,9.461632,2.481532,4.398487,0.1161111111111111,0.084987,0.7319454545454545,0.0398494911675,228.72430000000003,457.44860000000006,0.531110744378552
Transit,0.33,765.6,2.0,9.06551712,4.2864726,4.27583219,0.0811111111111111,0.05677,0.6999041095890411,0.0398494911675,228.72430000000003,457.44860000000006,0.2980537049938347
Fast Transit,0.32,742.4,2.0,11.031,2.561,3.791,0.0033333333333333,0.002286,0.6857999999999999,0.0388800932363636,230.134,460.268,16.0079148015589
Fast Transit,0.36,835.1999999999999,2.0,11.54198031,4.62225661,3.55271532,6.926944444444445,5.76216,0.8318472951838632,0.04269711168,224.64640000000003,449.29280000000006,0.9925900857178558
Transit,0.36,835.1999999999999,2.0,9.12021244,4.59839896,4.00586528,0.1072222222222222,0.084304,0.7862549222797927,0.04269711168,224.64640000000003,449.29280000000006,0.4935339760865439
Transit,0.29,672.8,2.0,9.67273838,4.60757831,4.436,0.1613888888888889,0.099377,0.6157611015490533,0.0359057382911363,234.5143,469.0286,0.6386916661688684
Eco Transit,0.24,556.8,2.0,4.7018421,3.79850877,4.0586391,0.1108333333333333,0.051707,0.4665293233082707,0.0307039948581818,242.3188,484.6376,0.4061926845846439
Transit,0.33,765.6,2.0,9.139,2.545,4.242,0.0075,0.005347,0.7129333333333334,0.0398494911675,228.72430000000003,457.44860000000006,6.4526820960351605
Transit,0.31,719.2,2.0,10.999,4.436,4.793,0.0072222222222222,0.004896,0.6779076923076923,0.0378999345356818,231.5689,463.1378,6.740999700915406
Eco Transit,0.21,487.2,2.0,5.80890909,4.43942424,4.28984848,0.0275,0.010488,0.3813818181818182,0.0274186958038636,247.3039,494.6078,1.6142921247009567
Eco Transit,0.23,533.6,2.0,4.98135458,4.56715936,4.68420319,0.0697222222222222,0.029898,0.42881593625498,0.0296233811902272,243.9553,487.9106,0.009185189971661
Transit,0.34,788.8000000000001,2.0,9.31707348,2.56160703,4.00330032,0.1738888888888888,0.127836,0.73515910543131,0.0408085274627272,227.33980000000005,454.6796000000001,0.680774371360749
Transit,0.28,649.6,2.0,9.0914058,4.56662319,4.15943478,0.0766666666666666,0.044355,0.5785434782608696,0.03489090248,236.02480000000003,472.04960000000005,0.2133716045541651
Eco Transit,0.36,835.1999999999999,2.0,8.52722293,2.56405732,3.85857325,0.0436111111111111,0.035,0.802547770700637,0.04269711168,224.64640000000003,449.29280000000006,0.2199174765714285
Eco Transit,0.23,533.6,2.0,6.46038252,4.57543851,4.17334118,0.5308333333333334,0.23173499,0.4365494317111459,0.0296233811902272,243.9553,487.9106,0.8721669904478936
Eco Transit,0.23,533.6,2.0,4.33722794,4.89107353,3.96885294,0.0377777777777777,0.016404,0.4342235294117647,0.0296233811902272,243.9553,487.9106,0.8058632766536992
Fast Transit,0.37,858.4,2.0,11.03092,4.587,4.47450222,0.0625,0.05252399,0.84038384,0.0436274578693181,223.3375,446.675,0.1693803561131174
Fast Transit,0.28,649.6,2.0,11.032,2.587,4.589,0.0094444444444444,0.00556601,0.5893422352941176,0.03489090248,236.02480000000003,472.04960000000005,5.268566258414916
Transit,0.28,649.6,2.0,9.15,4.464,3.82,0.0116666666666666,0.00673,0.5768571428571428,0.03489090248,236.02480000000003,472.04960000000005,4.184383726597327
Eco Transit,0.24,556.8,2.0,6.82867463,4.62470428,4.26269605,0.6744444444444444,0.32053529,0.4752582553542009,0.0307039948581818,242.3188,484.6376,0.904210251363643
Transit,0.35,812.0,2.0,9.46169853,2.564,3.84301103,0.0755555555555555,0.058276,0.7713,0.0417576012556818,225.9805,451.961,0.2834511418820473
Transit,0.31,719.2,2.0,9.07618182,2.557,4.461,0.0183333333333333,0.01220601,0.6657823636363637,0.0378999345356818,231.5689,463.1378,2.1050224058215443
Transit,0.35,812.0,1.98024171,10.08958379,4.52304162,4.21061452,8.435277777777777,6.59576599,0.7819263530806468,0.0417576012556818,225.9805,451.961,0.993669029295613
Fast Transit,0.34,788.8000000000001,2.0,11.50582686,4.48293993,3.63921555,0.0786111111111111,0.058678,0.7464339222614842,0.0408085274627272,227.33980000000005,454.6796000000001,0.3045344513663164
Transit,0.33,765.6,2.0,9.81641177,2.50875284,3.7218407,1.3191666666666666,0.916854,0.6950251421351864,0.0398494911675,228.72430000000003,457.44860000000006,0.9565367101332382
Transit,0.29,672.8,2.0,9.12735526,4.67932895,4.074,0.0211111111111111,0.01295,0.6134210526315789,0.0359057382911363,234.5143,469.0286,1.7726438834854337
Transit,0.33,765.6,2.0,9.21344444,2.53077037,4.2410963,0.0375,0.026862,0.7163200000000001,0.0398494911675,228.72430000000003,457.44860000000006,0.4834893592249274
Transit,0.27,626.4000000000001,2.0,9.032,4.661,3.919,0.0877777777777777,0.045081,0.5135810126582279,0.0338637093647727,237.5605,475.121,0.2488252397956405
Transit,0.29,672.8,2.0,10.97952632,2.496,4.161,0.0105555555555555,0.006501,0.6158842105263157,0.0359057382911363,234.5143,469.0286,4.523110027862846
Eco Transit,0.35,812.0,2.0,8.995,4.628,4.037,0.0063888888888888,0.004765,0.7458260869565217,0.0417576012556818,225.9805,451.961,7.763400053658303
Eco Transit,0.23,533.6,2.0,4.38203448,4.488,4.46968966,0.0322222222222222,0.01426599,0.4427376206896551,0.0296233811902272,243.9553,487.9106,1.0765037119910557
Transit,0.35,812.0,2.0,9.42776374,2.56685165,3.88771978,0.0505555555555555,0.03872701,0.7660287692307692,0.0417576012556818,225.9805,451.961,0.0782552346716623
Fast Transit,0.32,742.4,2.0,11.0139,4.424,4.81105,0.0166666666666666,0.011822,0.70932,0.0388800932363636,230.134,460.268,2.288791510435091
Eco Transit,0.33,765.6,1.5,9.748,2.486,4.095,0.0033333333333333,0.001783,0.5349,0.0398494911675,228.72430000000003,457.44860000000006,21.349686577397645
Eco Transit,0.37,858.4,2.0,9.01751613,4.65548387,4.08348387,0.0086111111111111,0.006891,0.8002451612903226,0.0436274578693181,223.3375,446.675,5.331077908767694
Transit,0.33,765.6,2.0,9.05995238,4.67216667,4.03495238,0.0233333333333333,0.016789,0.7195285714285713,0.0398494911675,228.72430000000003,457.44860000000006,1.373547630442552
Transit,0.29,672.8,2.0,9.02507692,4.529,3.87617308,0.0144444444444444,0.008552,0.5920615384615385,0.0359057382911363,234.5143,469.0286,3.1985194447072454
Transit,0.33,765.6,1.99983195,9.77927628,2.43964028,4.45296925,3.305833333333333,2.38688899,0.7220233899672297,0.0398494911675,228.72430000000003,457.44860000000006,0.9833048410150405
Transit,0.31,719.2,2.0,10.969,2.632,4.065,0.0086111111111111,0.005526,0.6417290322580644,0.0378999345356818,231.5689,463.1378,5.858475305045571
Eco Transit,0.34,788.8000000000001,2.0,8.87627027,2.445,4.60264865,0.0205555555555555,0.015614,0.7595999999999999,0.0408085274627272,227.33980000000005,454.6796000000001,1.613585721962808
Eco Transit,0.2,464.0,2.0,5.83613786,4.51927572,3.99297341,0.7938888888888889,0.284071,0.3578221133659902,0.0262938258181818,249.016,498.032,0.9074392464623922
Transit,0.33,765.6,2.0,10.54346957,2.48138497,4.28616219,1.453611111111111,1.039924,0.7154072998280147,0.0398494911675,228.72430000000003,457.44860000000006,0.9616803812898826
Transit,0.31,719.2,2.0,10.15533074,2.48927646,4.10599489,1.033888888888889,0.683434,0.6610323481998924,0.0378999345356818,231.5689,463.1378,0.9445448506575882
Transit,0.35,812.0,2.0,9.373665,2.608933,4.531273,0.2083333333333333,0.16015,0.7687199999999998,0.0417576012556818,225.9805,451.961,0.7392594364303352
Eco Transit,0.19,440.8,2.0,4.124502,4.466291,3.472274,0.0575,0.019012,0.3306434782608696,0.0251534054593181,250.7533,501.5066000000001,0.3230278486912573
Eco Transit,0.32,742.4,2.0,8.95276471,4.27,4.25,0.0094444444444444,0.006543,0.6927882352941177,0.0388800932363636,230.134,460.268,4.942242585413975
Transit,0.33,765.6,2.0,10.99200781,4.426,4.8124375,0.0355555555555555,0.025319,0.7120968750000001,0.0398494911675,228.72430000000003,457.44860000000006,0.5738967244954382
Eco Transit,0.36,835.1999999999999,2.0,8.86683333,2.561,3.83783333,0.02,0.01577,0.7885,0.04269711168,224.64640000000003,449.29280000000006,1.7074896436271405
Transit,0.29,672.8,2.0,10.97630769,2.49803297,4.15696703,0.0505555555555555,0.03106299,0.6144327692307692,0.0359057382911363,234.5143,469.0286,0.1559009062275191
Transit,0.31,719.2,2.0,10.8915078,4.4097963,4.8098577,0.285,0.19278999,0.6764561052631579,0.0378999345356818,231.5689,463.1378,0.8034133694613407
Eco Transit,0.23,533.6,2.0,6.92133636,4.43933636,4.1521,0.0305555555555555,0.01442201,0.4719930545454546,0.0296233811902272,243.9553,487.9106,1.0540397066863272
Eco Transit,0.24,556.8,2.0,5.66645936,4.71038147,4.28215085,0.7347222222222222,0.343229,0.4671547826086957,0.0307039948581818,242.3188,484.6376,0.9105437044708292
Eco Transit,0.21,487.2,2.0,7.12358065,4.59087742,4.04143871,0.0430555555555555,0.016834,0.3909832258064515,0.0274186958038636,247.3039,494.6078,0.628768908391567
Eco Transit,0.32,742.4,2.0,8.89342857,2.46971429,4.677,0.0116666666666666,0.007987,0.6845999999999999,0.0388800932363636,230.134,460.268,3.867922027840697
Transit,0.27,626.4000000000001,2.0,9.14442012,4.661,3.919,0.2816666666666667,0.150174,0.5331621301775148,0.0338637093647727,237.5605,475.121,0.7745035134925304
Transit,0.32,742.4,2.0,9.05235294,4.225,4.23911765,0.0141666666666666,0.009776,0.6900705882352941,0.0388800932363636,230.134,460.268,2.97709628031543
Eco Transit,0.24,556.8,2.0,5.894822,2.470967,4.592479,0.3233333333333333,0.148093,0.458019587628866,0.0307039948581818,242.3188,484.6376,0.7926708564335802
Fast Transit,0.3,696.0,2.0,11.032193,2.579852,4.368361,0.0502777777777777,0.032246,0.641356906077348,0.0369086159318181,233.029,466.0580000000001,0.1445951724808716
Transit,0.33,765.6,2.0,9.02819101,4.23891011,4.21665169,0.0247222222222222,0.017293,0.6994921348314607,0.0398494911675,228.72430000000003,457.44860000000006,1.3043712003411787
Eco Transit,0.25,580.0,2.0,5.72890444,4.65346758,3.92333447,0.4069444444444444,0.190526,0.4681867576791809,0.0317706546875,240.7075,481.415,0.8332476686252794
Eco Transit,0.37,858.4,2.0,8.76689362,4.63247872,4.03635106,0.0261111111111111,0.020976,0.8033361702127659,0.0436274578693181,223.3375,446.675,1.079874993769936
Transit,0.37,858.4,2.0,10.93627246,4.57759057,4.47859941,0.3772222222222222,0.317702,0.8422144329896908,0.0436274578693181,223.3375,446.675,0.8626780509114889
Eco Transit,0.32,742.4,2.0,8.956348,2.549865,4.439189,0.0127777777777777,0.009007,0.7048956521739129,0.0388800932363636,230.134,460.268,3.3166529628470798
Transit,0.33,765.6,2.0,9.14721063,4.22688386,4.20278346,0.1411111111111111,0.09874999,0.6998030787401575,0.0398494911675,228.72430000000003,457.44860000000006,0.5964608080719805
Transit,0.31,719.2,2.0,9.04025,2.58508,4.247578,0.0044444444444444,0.002884,0.6488999999999999,0.0378999345356818,231.5689,463.1378,12.141447481165685
Eco Transit,0.28,649.6,2.0,6.929265,4.877507,4.149694,0.0325,0.017599,0.5415076923076922,0.03489090248,236.02480000000003,472.04960000000005,0.9825502858116942
Transit,0.37,858.4,2.0,9.11518908,4.64388235,4.05702101,0.0661111111111111,0.052335,0.7916218487394957,0.0436274578693181,223.3375,446.675,0.1663808566099516
Eco Transit,0.22,510.4,2.0,4.030143,4.407798,4.132122,0.0038888888888888,0.001711,0.4399714285714286,0.02852841455,245.617,491.234,15.67353275862069
Eco Transit,0.27,626.4000000000001,1.45454545,11.015,2.481,4.347,0.0030555555555555,0.00124,0.4058181818181818,0.0338637093647727,237.5605,475.121,26.309443036107044
Eco Transit,0.29,672.8,2.0,6.38701429,4.69261429,4.15357143,0.0388888888888888,0.022436,0.5769257142857143,0.0359057382911363,234.5143,469.0286,0.6003627336038672
Eco Transit,0.34,788.8000000000001,2.0,8.82379268,2.53254268,4.25447561,0.0455555555555555,0.032891,0.7219975609756096,0.0408085274627272,227.33980000000005,454.6796000000001,0.2407201806794347
Transit,0.34,788.8000000000001,2.0,9.25160232,4.45505405,4.15832046,0.0719444444444444,0.053195,0.7393899613899613,0.0408085274627272,227.33980000000005,454.6796000000001,0.2328503155798987
Eco Transit,0.25,580.0,1.02112676,6.9596338,2.59444366,4.04633099,0.0394444444444444,0.010209,0.2588197183098591,0.0317706546875,240.7075,481.415,2.1120241637280843
Fast Transit,0.37,858.4,2.0,11.02766279,4.58955523,4.49704942,0.0955555555555555,0.08011099,0.8383708255813955,0.0436274578693181,223.3375,446.675,0.4554123239605679
Transit,0.32,742.4,2.0,10.98057143,4.42493878,4.81006122,0.0136111111111111,0.009648,0.7088326530612246,0.0388800932363636,230.134,460.268,3.0298604100708584
Transit,0.29,672.8,2.0,9.181,4.55,3.903,0.0036111111111111,0.002097,0.5807076923076923,0.0359057382911363,234.5143,469.0286,16.12243123087094
Eco Transit,0.34,788.8000000000001,2.0,8.824,2.561,4.031,0.0058333333333333,0.004317,0.7400571428571427,0.0408085274627272,227.33980000000005,454.6796000000001,8.45298296565376
Eco Transit,0.28,649.6,2.0,8.5113671,2.56295514,4.58092598,0.7430555555555555,0.417329,0.5616390280373833,0.03489090248,236.02480000000003,472.04960000000005,0.9163947329804544
Transit,0.35,812.0,2.0,9.35891935,2.55801613,3.8205,0.0344444444444444,0.026334,0.7645354838709677,0.0417576012556818,225.9805,451.961,0.5856915491638875
Eco Transit,0.33,765.6,2.0,8.38073623,2.53907451,4.32143156,5.651944444444445,3.973294,0.7029959404334791,0.0398494911675,228.72430000000003,457.44860000000006,0.9899706663620916
Transit,0.35,812.0,2.0,9.24679094,2.56525784,3.9056446,0.1594444444444444,0.121993,0.7651128919860627,0.0417576012556818,225.9805,451.961,0.6577049399909682
Transit,0.28,649.6,2.0,9.09357143,4.44990476,3.85519048,0.0349999999999999,0.01991899,0.5691140000000001,0.03489090248,236.02480000000003,472.04960000000005,0.7516401423967783
Transit,0.31,719.2,2.0,10.85618487,2.557,3.79141176,0.0330555555555555,0.02186701,0.6615229915966385,0.0378999345356818,231.5689,463.1378,0.7332015001448222
Transit,0.29,672.8,2.0,9.002,4.458,3.833,0.0075,0.004383,0.5844,0.0359057382911363,234.5143,469.0286,7.192046153578912
Eco Transit,0.33,765.6,2.0,8.77161202,4.2290765,4.20706011,0.2541666666666666,0.179036,0.7044039344262295,0.0398494911675,228.72430000000003,457.44860000000006,0.7774219086245224
Eco Transit,0.28,649.6,2.0,7.123697,4.695181,4.022466,0.0677777777777777,0.038938,0.5744950819672132,0.03489090248,236.02480000000003,472.04960000000005,0.1039369644049513
Eco Transit,0.28,649.6,2.0,8.89728767,4.447,3.862,0.0202777777777777,0.011558,0.5699835616438357,0.03489090248,236.02480000000003,472.04960000000005,2.0187664370998446
Transit,0.29,672.8,2.0,9.14544776,4.46077612,3.81356716,0.0372222222222222,0.021701,0.5830119402985076,0.0359057382911363,234.5143,469.0286,0.6545660702795429
Eco Transit,0.34,788.8000000000001,2.0,8.89555176,2.52562008,4.2299617,0.2683333333333333,0.194454,0.7246732919254658,0.0408085274627272,227.33980000000005,454.6796000000001,0.7901378862727056
Eco Transit,0.21,487.2,2.0,5.66741333,4.51241333,3.69959333,0.0416666666666666,0.016527,0.396648,0.0274186958038636,247.3039,494.6078,0.659024372473143
Eco Transit,0.23,533.6,2.0,4.688328,2.577359,3.784393,0.2569444444444444,0.11235,0.4372540540540541,0.0296233811902272,243.9553,487.9106,0.7363294954140874
Eco Transit,0.71,1647.1999999999998,1.0,4.11022222,2.445,4.07,0.025,0.009568,0.38272,0.0726563226447727,193.82890000000003,387.65780000000007,6.593679206184442
Transit,0.34,788.8000000000001,2.0,9.04031818,2.486,4.21231818,0.0183333333333333,0.013545,0.7388181818181818,0.0408085274627272,227.33980000000005,454.6796000000001,2.0128111821873227
Transit,0.35,812.0,2.0,10.37093902,4.58794935,4.14470993,6.181388888888889,4.830289,0.7814245450051678,0.0417576012556818,225.9805,451.961,0.9913550511665696
Transit,0.36,835.1999999999999,2.0,10.44241286,4.67581486,3.49262471,1.330833333333333,1.113941,0.8370251721978711,0.04269711168,224.64640000000003,449.29280000000006,0.9616702216006056
Transit,0.32,742.4,2.0,9.207,4.46246835,3.87479747,0.1097222222222222,0.077123,0.702893164556962,0.0388800932363636,230.134,460.268,0.4958690243330311
Transit,0.37,858.4,2.0,10.97589655,4.54786207,4.52113793,0.0161111111111111,0.013688,0.8496,0.0436274578693181,223.3375,446.675,2.187277751995776
Transit,0.27,626.4000000000001,2.0,9.06067742,4.711,3.518,0.0258333333333333,0.014674,0.5680258064516129,0.0338637093647727,237.5605,475.121,1.3077354071672844
Transit,0.33,765.6,2.0,10.20297117,2.49022056,3.85315287,3.413333333333333,2.37669401,0.6962970732421876,0.0398494911675,228.72430000000003,457.44860000000006,0.9832332260695604
Eco Transit,0.33,765.6,2.0,8.83233333,4.281,4.26166667,0.0158333333333333,0.01118,0.7061052631578947,0.0398494911675,228.72430000000003,457.44860000000006,2.564355202817531
Fast Transit,0.29,672.8,2.0,11.10261522,2.48862791,4.16661099,0.1313888888888889,0.07976999,0.60712888794926,0.0359057382911363,234.5143,469.0286,0.5498841319757422
Transit,0.32,742.4,2.0,8.992,4.249,4.255,0.0083333333333333,0.005806,0.69672,0.0388800932363636,230.134,460.268,5.69653689913256
Eco Transit,0.19,440.8,2.0,3.998932,4.472643,3.394794,0.0122222222222222,0.004134,0.3382363636363636,0.0251534054593181,250.7533,501.5066000000001,5.084519946617849
Eco Transit,0.29,672.8,2.0,8.88001351,4.458,3.83321622,0.0205555555555555,0.01197299,0.5824697837837838,0.0359057382911363,234.5143,469.0286,1.998894870131552
Transit,0.36,835.1999999999999,2.0,9.35515371,4.5734526,4.85604014,0.3252777777777778,0.25290699,0.7775108146883006,0.04269711168,224.64640000000003,449.29280000000006,0.8311746477232598
Fast Transit,0.32,742.4,2.0,11.03359794,2.619,3.8745567,0.0269444444444444,0.01866599,0.6927583917525774,0.0388800932363636,230.134,460.268,1.0829376441519385
Transit,0.33,765.6,2.0,9.05421429,2.527,4.23239286,0.0155555555555555,0.01120201,0.7201292142857143,0.0398494911675,228.72430000000003,457.44860000000006,2.5573518652009777
Transit,0.33,765.6,2.0,9.011,2.532,4.269,0.0133333333333333,0.009469,0.710175,0.0398494911675,228.72430000000003,457.44860000000006,3.208416006706094
Eco Transit,0.23,533.6,2.0,5.95296942,4.81729664,4.15675076,0.545,0.246405,0.4521192660550459,0.0296233811902272,243.9553,487.9106,0.8797776782523599
Transit,0.33,765.6,2.0,9.05531,2.525923,3.638915,0.0241666666666666,0.016962,0.7018758620689656,0.0398494911675,228.72430000000003,457.44860000000006,1.3493391797842234
Transit,0.32,742.4,2.0,9.193793,2.549264,4.437824,0.0455555555555555,0.031813,0.6983341463414634,0.0388800932363636,230.134,460.268,0.2221448224425121
Fast Transit,0.3,696.0,2.0,11.027086,2.576743,4.381455,0.0258333333333333,0.016309,0.6313161290322581,0.0369086159318181,233.029,466.0580000000001,1.263082710884676
Transit,0.31,719.2,2.0,8.9767931,2.478,4.72648276,0.0161111111111111,0.010903,0.6767379310344828,0.0378999345356818,231.5689,463.1378,2.4761014891022497
Eco Transit,0.34,788.8000000000001,2.0,8.91973016,4.604,3.95,0.0174999999999999,0.013231,0.7560571428571429,0.0408085274627272,227.33980000000005,454.6796000000001,2.084311651630813
Transit,0.32,742.4,2.0,9.23209348,4.28683003,4.2849915,0.0980555555555555,0.067778,0.6912203966005667,0.0388800932363636,230.134,460.268,0.426361160902304
Eco Transit,0.19,440.8,2.0,6.23361972,2.534,4.43652113,0.0197222222222222,0.00654199,0.3317065352112676,0.0251534054593181,250.7533,501.5066000000001,2.844916525295542
Eco Transit,0.2,464.0,2.0,5.30855154,4.66120322,3.93637469,1.137222222222222,0.394266,0.3466921348314607,0.0262938258181818,249.016,498.032,0.9333094260773646
Transit,0.3,696.0,2.0,10.94903704,4.441,4.791,0.0225,0.014691,0.6529333333333334,0.0369086159318181,233.029,466.0580000000001,1.512328359663616
Eco Transit,0.33,765.6,2.0,8.83,4.399,3.842,0.0058333333333333,0.004268,0.7316571428571429,0.0398494911675,228.72430000000003,457.44860000000006,8.336806740276476
Eco Transit,0.29,672.8,2.0,8.994,4.482,3.847,0.0038888888888888,0.002268,0.5832,0.0359057382911363,234.5143,469.0286,14.831454272987814
Eco Transit,0.33,765.6,2.0,8.72616092,2.57532184,4.53767816,0.0241666666666666,0.017336,0.717351724137931,0.0398494911675,228.72430000000003,457.44860000000006,1.298655466514767
Transit,0.26,603.2,2.0,9.8025883,2.58599942,3.65951311,0.9641666666666666,0.510838,0.5298233362143475,0.0328237598118181,239.1214,478.2428000000001,0.935745265990748
Transit,0.32,742.4,2.0,9.029969,2.594218,4.22873,0.0088888888888888,0.006055,0.6811875,0.0388800932363636,230.134,460.268,5.421154952330908
Transit,0.35,812.0,2.0,9.035903,4.617781,3.964418,0.0286111111111111,0.022612,0.7903223300970874,0.0417576012556818,225.9805,451.961,0.8467009223280477
Eco Transit,0.2,464.0,2.0,4.19807006,2.46127389,4.13147134,0.2180555555555555,0.074865,0.3433299363057325,0.0262938258181818,249.016,498.032,0.6487834659963692
Eco Transit,0.33,765.6,2.0,10.595913,2.51797,3.734436,0.0063888888888888,0.004433,0.6938608695652174,0.0398494911675,228.72430000000003,457.44860000000006,7.989282916196706
Transit,0.31,719.2,2.0,10.983,2.633,4.059,0.0030555555555555,0.001968,0.6440727272727272,0.0378999345356818,231.5689,463.1378,18.258096816911497
Transit,0.35,812.0,2.0,10.946,4.609,4.203,0.0041666666666666,0.003236,0.77664,0.0417576012556818,225.9805,451.961,11.904079498047532
Transit,0.34,788.8000000000001,2.0,9.05260748,4.70675701,3.45966355,0.0297222222222222,0.02246299,0.7557641495327102,0.0408085274627272,227.33980000000005,454.6796000000001,0.816700602311949
Eco Transit,0.23,533.6,2.0,5.072215,2.479825,3.810413,0.0658333333333333,0.028756,0.4367999999999999,0.0296233811902272,243.9553,487.9106,0.0301634855413575
Eco Transit,0.32,742.4,2.0,8.858,4.676,3.385,0.0055555555555555,0.004001,0.72018,0.0388800932363636,230.134,460.268,8.717593910613257
Eco Transit,0.32,742.4,2.0,8.91945029,2.61106962,4.12823194,0.145,0.097587,0.6730137931034482,0.0388800932363636,230.134,460.268,0.6015853214427778
Eco Transit,0.33,765.6,2.0,8.79830137,4.2330411,4.20215068,0.0202777777777777,0.01454,0.7170410958904111,0.0398494911675,228.72430000000003,457.44860000000006,1.7406802728679505
Fast Transit,0.37,858.4,2.0,11.03733045,4.61100216,4.45706048,0.1286111111111111,0.10820601,0.841342626349892,0.0436274578693181,223.3375,446.675,0.5968111395169439
Transit,0.33,765.6,2.0,9.11726582,2.53,4.23524051,0.0219444444444444,0.015798,0.7199088607594937,0.0398494911675,228.72430000000003,457.44860000000006,1.522438990220281
Eco Transit,0.0,0.0,1.0,5.741,4.628,3.819,0.0041666666666666,0.000439,0.10536,0.0,288.55,577.1,1.0
Transit,0.32,742.4,2.0,9.1196681,4.28664655,4.29022845,0.1288888888888889,0.089142,0.6916189655172413,0.0388800932363636,230.134,460.268,0.5638409140880434
Eco Transit,0.35,812.0,2.0,8.90325926,4.46762963,4.184,0.0225,0.01685301,0.7490226666666667,0.0417576012556818,225.9805,451.961,1.4777533067197972
Eco Transit,0.28,649.6,2.0,8.996,4.463,3.643,0.0077777777777777,0.004459,0.5733,0.03489090248,236.02480000000003,472.04960000000005,6.824826750392465
Fast Transit,0.3,696.0,2.0,11.042585,2.580659,4.360339,0.1105555555555555,0.070967,0.6419125628140704,0.0369086159318181,233.029,466.0580000000001,0.4799186110189499
Transit,0.32,742.4,2.0,9.07805263,4.28836842,4.27526316,0.0527777777777777,0.036613,0.69372,0.0388800932363636,230.134,460.268,0.0619204445514883
Transit,0.34,788.8000000000001,2.0,9.25613567,4.47214301,4.20025615,0.5302777777777778,0.392009,0.7392521739130433,0.0408085274627272,227.33980000000005,454.6796000000001,0.8958990036893865
Transit,0.29,672.8,2.0,9.75852406,2.56214171,4.58891979,0.2077777777777777,0.124911,0.601175935828877,0.0359057382911363,234.5143,469.0286,0.7125494288642604
Transit,0.4,928.0,2.0,9.27309091,4.39954545,4.038,0.0122222222222222,0.010585,0.8660454545454546,0.0463675023636363,219.562,439.124,3.3804914845192595
Eco Transit,0.36,835.1999999999999,2.0,8.64402837,2.563,3.83702837,0.0391666666666666,0.031058,0.7929702127659574,0.04269711168,224.64640000000003,449.29280000000006,0.3747540627213602
Transit,0.33,765.6,2.0,11.00896407,4.42692814,4.82149701,0.0463888888888888,0.03305,0.7124550898203593,0.0398494911675,228.72430000000003,457.44860000000006,0.2057334695158849
Transit,0.35,812.0,2.0,9.19795745,2.561,3.8358617,0.0261111111111111,0.020264,0.7760680851063829,0.0417576012556818,225.9805,451.961,1.060679098681495
Eco Transit,0.18,417.6,2.0,4.05835135,4.705,4.12732432,0.0102777777777777,0.00318,0.3094054054054054,0.0239970355936363,252.5158,505.0316,6.546237608061751
Transit,0.28,649.6,2.0,8.98995238,4.459,3.83588095,0.0116666666666666,0.006735,0.5772857142857142,0.03489090248,236.02480000000003,472.04960000000005,4.180534889383817
Eco Transit,0.24,556.8,2.0,6.224093,2.479782,3.786097,0.2377777777777777,0.109206,0.4592775700934579,0.0307039948581818,242.3188,484.6376,0.718843334082543
Eco Transit,0.28,649.6,2.0,6.80746237,4.5567957,3.7432043,0.0258333333333333,0.014941,0.5783612903225807,0.03489090248,236.02480000000003,472.04960000000005,1.335245464159026
Transit,0.35,812.0,2.0,9.19419527,4.86754438,4.68798225,0.0938888888888888,0.07534599,0.8025016686390534,0.0417576012556818,225.9805,451.961,0.4457886709606999
Eco Transit,0.23,533.6,2.0,6.14113682,4.57646006,4.38963269,0.3025,0.13453,0.4447272727272727,0.0296233811902272,243.9553,487.9106,0.7798009277467681
Transit,0.3,696.0,2.0,10.982466,2.576629,4.381522,0.0161111111111111,0.010196,0.6328551724137931,0.0369086159318181,233.029,466.0580000000001,2.619911331092407
Eco Transit,0.29,672.8,2.0,8.71015168,4.54969663,3.70974532,0.445,0.283702,0.637532584269663,0.0359057382911363,234.5143,469.0286,0.8734385436439068
Transit,0.29,672.8,2.0,10.93180066,2.587,4.59276744,0.0836111111111111,0.049679,0.5941674418604651,0.0359057382911363,234.5143,469.0286,0.2772451480276099
Fast Transit,0.35,812.0,2.0,11.44612231,4.55527381,3.97538824,7.821666666666666,6.16229,0.7878487108459408,0.0417576012556818,225.9805,451.961,0.9932236877434067
Transit,0.31,719.2,2.0,9.05521,2.608705,4.115127,0.1122222222222222,0.074899,0.6674168316831682,0.0378999345356818,231.5689,463.1378,0.4939861074823184
Eco Transit,0.29,672.8,2.0,8.81080357,4.508,3.84139286,0.0155555555555555,0.009432,0.6063428571428571,0.0359057382911363,234.5143,469.0286,2.806800073275696
Eco Transit,0.29,672.8,2.0,8.65352,4.45872,3.83032,0.0347222222222222,0.020668,0.5952384,0.0359057382911363,234.5143,469.0286,0.7372623520000178
Transit,0.33,765.6,2.0,10.84471,2.512213,4.513687,0.0727777777777777,0.053275,0.7320229007633589,0.0398494911675,228.72430000000003,457.44860000000006,0.2520039198967621
Eco Transit,0.29,672.8,2.0,8.64625591,4.71076107,3.49520659,1.3741666666666668,0.85008599,0.6186192771376591,0.0359057382911363,234.5143,469.0286,0.9577622279233936
Fast Transit,0.36,835.1999999999999,2.0,11.044,4.645,3.556,0.0141666666666666,0.011637,0.821435294117647,0.04269711168,224.64640000000003,449.29280000000006,2.669082382057232
Transit,0.31,719.2,2.0,9.007788,2.515111,4.559901,0.0144444444444444,0.009707,0.672023076923077,0.0378999345356818,231.5689,463.1378,2.904392143368891
Eco Transit,0.35,812.0,2.0,8.74590909,4.46165455,4.17965455,0.0152777777777777,0.01153,0.7546909090909092,0.0417576012556818,225.9805,451.961,2.621647984014034
Transit,0.32,742.4,2.0,9.08575168,4.22542953,4.23400671,0.0413888888888888,0.028726,0.6940510067114094,0.0388800932363636,230.134,460.268,0.3534809314336712
Transit,0.32,742.4,2.0,9.071,2.469,4.677,0.01,0.00679,0.6789999999999999,0.0388800932363636,230.134,460.268,4.726081478109521
Eco Transit,0.29,672.8,2.0,8.83137815,4.458,3.83072269,0.0330555555555555,0.019187,0.5804470588235293,0.0359057382911363,234.5143,469.0286,0.8713576010390559
Eco Transit,0.24,556.8,2.0,7.85261238,2.56731625,4.03578143,1.4361111111111111,0.68553,0.4773516441005802,0.0307039948581818,242.3188,484.6376,0.9552113038697332
Eco Transit,0.3,696.0,2.0,7.37589286,4.743,4.201,0.0311111111111111,0.019234,0.6182357142857143,0.0369086159318181,233.029,466.0580000000001,0.9189256489455226
Transit,0.31,719.2,2.0,9.77094286,4.52181429,3.68781429,0.0388888888888888,0.025601,0.6583114285714285,0.0378999345356818,231.5689,463.1378,0.4804083643483391
Transit,0.34,788.8000000000001,2.0,10.65678442,4.44049166,4.29042316,1.2163888888888887,0.935982,0.7694759534140215,0.0408085274627272,227.33980000000005,454.6796000000001,0.956400307417528
Eco Transit,0.23,533.6,2.0,4.4707309,2.42874419,4.07027575,0.0836111111111111,0.03503099,0.4189752956810631,0.0296233811902272,243.9553,487.9106,0.1543664284044704
Transit,0.33,765.6,2.0,9.29042857,4.612,3.836,0.0038888888888888,0.002879,0.7403142857142857,0.0398494911675,228.72430000000003,457.44860000000006,12.841434931399792
Transit,0.35,812.0,2.0,9.15226087,2.558,3.82421739,0.0127777777777777,0.009856,0.7713391304347825,0.0417576012556818,225.9805,451.961,3.2367696079222616
Transit,0.37,858.4,2.0,10.77998915,4.58756583,4.48939112,2.4325,2.047755,0.8418314491264133,0.0436274578693181,223.3375,446.675,0.978694981641203
Eco Transit,0.32,742.4,2.0,8.83275579,4.27305792,4.26347973,0.2877777777777777,0.199434,0.6930138996138997,0.0388800932363636,230.134,460.268,0.8050478191463659
Transit,0.35,812.0,2.0,9.48776774,2.56550323,3.86478065,0.0861111111111111,0.066246,0.7693083870967742,0.0417576012556818,225.9805,451.961,0.3696585264667781
Transit,0.34,788.8000000000001,2.0,9.127919,2.600585,4.553588,0.0205555555555555,0.015389,0.748654054054054,0.0408085274627272,227.33980000000005,454.6796000000001,1.6517985224983616
Eco Transit,0.2,464.0,2.0,4.3974104,2.45926129,4.09619425,0.2030555555555555,0.070849,0.3489143638850888,0.0262938258181818,249.016,498.032,0.6288751313613202
Transit,0.33,765.6,2.0,9.034,2.404,3.937,0.0063888888888888,0.00443,0.693391304347826,0.0398494911675,228.72430000000003,457.44860000000006,7.995370466704289
Eco Transit,0.25,580.0,2.0,6.29017889,2.52019355,4.09673314,0.0947222222222222,0.046555,0.4914897360703812,0.0317706546875,240.7075,481.415,0.3175672927182899
Transit,0.36,835.1999999999999,2.0,10.52026316,4.37972039,3.82380921,0.0844444444444444,0.0676,0.8005263157894738,0.04269711168,224.64640000000003,449.29280000000006,0.368385921893491
Transit,0.29,672.8,2.0,9.036,4.46942308,3.82542308,0.0072222222222222,0.004266,0.5906769230769231,0.0359057382911363,234.5143,469.0286,7.4167225248795985
Eco Transit,0.34,788.8000000000001,2.0,8.95571681,2.53,4.23672566,0.0313888888888888,0.022716,0.723695575221239,0.0408085274627272,227.33980000000005,454.6796000000001,0.7964662556227894
Eco Transit,0.3,696.0,2.0,8.89866484,2.54425783,4.45531475,0.1483333333333333,0.090829,0.6123303370786517,0.0369086159318181,233.029,466.0580000000001,0.5936472279578308
Eco Transit,0.36,835.1999999999999,2.0,8.9807541,2.559,3.81844262,0.0169444444444444,0.013292,0.7844459016393444,0.04269711168,224.64640000000003,449.29280000000006,2.212241324104725
Eco Transit,0.2,464.0,2.0,6.38155,4.728807,4.579138,0.0277777777777777,0.01001,0.36036,0.0262938258181818,249.016,498.032,1.6267558259921897
Eco Transit,0.19,440.8,2.0,5.83489474,4.51744737,4.697,0.0211111111111111,0.006452,0.3056210526315789,0.0251534054593181,250.7533,501.5066000000001,2.898543933558305
Fast Transit,0.32,742.4,2.0,10.99222388,2.62,3.87623881,0.0186111111111111,0.012926,0.6945313432835821,0.0388800932363636,230.134,460.268,2.0078982853445493
Transit,0.35,812.0,2.0,9.32169444,2.566,3.84059722,0.04,0.03080899,0.77022475,0.0417576012556818,225.9805,451.961,0.355370664720973
Eco Transit,0.21,487.2,2.0,6.35817757,4.628,4.03543925,0.0297222222222222,0.011443,0.3849981308411215,0.0274186958038636,247.3039,494.6078,1.3961107929619534
Eco Transit,0.33,765.6,2.0,8.59064398,4.67435079,3.38677487,0.2652777777777778,0.194526,0.7332917277486911,0.0398494911675,228.72430000000003,457.44860000000006,0.7951456814641744
Eco Transit,0.29,672.8,2.0,8.97017391,4.679,4.07326087,0.0191666666666666,0.011859,0.6187304347826087,0.0359057382911363,234.5143,469.0286,2.02772057434323
Eco Transit,0.2,464.0,2.0,4.12097436,2.456,4.103,0.0216666666666666,0.007638,0.3525230769230769,0.0262938258181818,249.016,498.032,2.4425014163631604
Eco Transit,0.29,672.8,1.14285714,10.088,2.411,3.95,0.0038888888888888,0.001332,0.3425142857142857,0.0359057382911363,234.5143,469.0286,25.956259978330603
Eco Transit,0.2,464.0,2.0,5.51726389,4.58934722,4.70970833,0.04,0.013762,0.3440499999999999,0.0262938258181818,249.016,498.032,0.9106107991703108
Transit,0.33,765.6,2.0,9.77114286,2.55702857,4.11597143,0.0291666666666666,0.02153301,0.7382746285714287,0.0398494911675,228.72430000000003,457.44860000000006,0.8506233530518955
Eco Transit,0.31,719.2,2.0,8.95029545,2.484,4.78129545,0.0122222222222222,0.00831401,0.6802371818181818,0.0378999345356818,231.5689,463.1378,3.5585625390974784
Transit,0.32,742.4,2.0,10.946,2.614,3.878,0.0036111111111111,0.002481,0.6870461538461539,0.0388800932363636,230.134,460.268,14.671137942911583
Transit,0.33,765.6,2.0,9.24128746,4.60507137,3.91363801,0.7044444444444444,0.524419,0.7444433753943217,0.0398494911675,228.72430000000003,457.44860000000006,0.924012114039537
Transit,0.32,742.4,2.0,9.36432781,4.51136648,3.69471271,0.1508333333333333,0.106189,0.7040154696132598,0.0388800932363636,230.134,460.268,0.6338595029959446
Fast Transit,0.32,742.4,2.0,11.03963087,2.62010067,3.87190604,0.0413888888888888,0.028578,0.6904751677852349,0.0388800932363636,230.134,460.268,0.3604903504921143
Fast Transit,0.32,742.4,2.0,11.03641176,4.426,4.81,0.0188888888888888,0.013421,0.7105235294117648,0.0388800932363636,230.134,460.268,1.8969594841191888
Fast Transit,0.3,696.0,2.0,11.43182852,4.76635993,4.89265256,4.470833333333333,2.88572599,0.645455953028891,0.0369086159318181,233.029,466.0580000000001,0.9872099374439156
Eco Transit,0.36,835.1999999999999,2.0,8.955505,2.417698,4.525573,0.0297222222222222,0.023742,0.7987962616822429,0.04269711168,224.64640000000003,449.29280000000006,0.7983788931008342
Transit,0.28,649.6,2.0,9.736196,4.719069,4.086211,0.7,0.399535,0.5707642857142857,0.03489090248,236.02480000000003,472.04960000000005,0.912671224098014
Transit,0.35,812.0,2.0,10.975,4.421,4.445,0.0069444444444444,0.00524,0.75456,0.0417576012556818,225.9805,451.961,6.96900787322172
Transit,0.32,742.4,2.0,10.981,2.621,3.876,0.0083333333333333,0.005791,0.69492,0.0388800932363636,230.134,460.268,5.713882444545613
Fast Transit,0.33,765.6,2.0,11.08238462,4.42455769,4.79855769,0.0288888888888888,0.02075401,0.7184080384615384,0.0398494911675,228.72430000000003,457.44860000000006,0.920086343193436
Transit,0.3,696.0,2.0,9.172833,4.476854,3.647249,0.0116666666666666,0.007779,0.6667714285714286,0.0369086159318181,233.029,466.0580000000001,3.744647889422571
Eco Transit,0.34,788.8000000000001,2.0,8.9152,2.546,4.23622,0.0277777777777777,0.019946,0.718056,0.0408085274627272,227.33980000000005,454.6796000000001,1.0459504393225352
Transit,0.36,835.1999999999999,2.0,9.13965464,4.632,4.02782474,0.0538888888888888,0.042452,0.7877690721649484,0.04269711168,224.64640000000003,449.29280000000006,0.0057738547064922
Eco Transit,0.41,951.2,2.0,7.90403704,4.399,4.03950617,0.0225,0.020601,0.9156,0.0472651829493181,218.3539,436.7078,1.294314982249317
Eco Transit,0.32,742.4,2.0,7.181138,2.579023,4.586584,0.0222222222222222,0.015348,0.69066,0.0388800932363636,230.134,460.268,1.5332351600445426
Eco Transit,0.34,788.8000000000001,2.0,8.915,2.561,4.01,0.0055555555555555,0.004089,0.7360199999999999,0.0408085274627272,227.33980000000005,454.6796000000001,8.98007519264546
Transit,0.37,858.4,2.0,10.98942857,4.606,4.46328571,0.0388888888888888,0.032837,0.8443799999999999,0.0436274578693181,223.3375,446.675,0.3286066896890149
Eco Transit,0.23,533.6,2.0,4.17031915,4.55702128,4.0632766,0.0391666666666666,0.016897,0.4314127659574467,0.0296233811902272,243.9553,487.9106,0.7531740066418465
Transit,0.35,812.0,2.0,9.51068,2.56522,3.88446,0.0694444444444444,0.052778,0.7600032,0.0417576012556818,225.9805,451.961,0.2088066759694983
Eco Transit,0.34,788.8000000000001,2.0,8.86434491,2.53480149,4.22824069,0.2238888888888889,0.162197,0.7244531017369727,0.0408085274627272,227.33980000000005,454.6796000000001,0.7484014657316271
Transit,0.35,812.0,2.0,9.167,4.63,4.045,0.0075,0.005628,0.7504000000000001,0.0417576012556818,225.9805,451.961,6.41961642780416
Eco Transit,0.32,742.4,2.0,8.90645178,4.2708362,4.26391413,0.2102777777777777,0.14574501,0.6931070488771467,0.0388800932363636,230.134,460.268,0.7332320795314801
Transit,0.28,649.6,2.0,10.95635484,2.58752419,4.58695968,0.0344444444444444,0.01996999,0.5797739032258065,0.03489090248,236.02480000000003,472.04960000000005,0.7471667477049315
Eco Transit,0.19,440.8,2.0,4.05760345,4.671,4.716,0.0161111111111111,0.005331,0.3308896551724138,0.0251534054593181,250.7533,501.5066000000001,3.7183277920311735
Eco Transit,0.22,510.4,2.0,5.81132245,4.63594147,3.90424001,0.9872222222222222,0.402628,0.4078392796848621,0.02852841455,245.617,491.234,0.9291444843627368
Eco Transit,0.23,533.6,2.0,5.07929607,2.39788024,3.97120825,0.4175,0.178525,0.4276047904191616,0.0296233811902272,243.9553,487.9106,0.8340659224745706
Transit,0.33,765.6,2.0,9.051,4.266,4.267,0.0077777777777777,0.005391,0.6931285714285714,0.0398494911675,228.72430000000003,457.44860000000006,6.391855159988871
Eco Transit,0.26,603.2,2.0,4.405667,4.739132,4.530608,0.01,0.005789,0.5789,0.0328237598118181,239.1214,478.2428000000001,4.670022423876004
Transit,0.32,742.4,2.0,10.9824,2.617,3.87496842,0.0263888888888888,0.018355,0.6955578947368422,0.0388800932363636,230.134,460.268,1.1182289968054286
Eco Transit,0.35,812.0,2.0,8.918035,4.542072,3.901754,0.0158333333333333,0.012321,0.7781684210526315,0.0417576012556818,225.9805,451.961,2.389140593757148
Eco Transit,0.24,556.8,2.0,4.57814829,4.52361217,3.79268441,0.2191666666666666,0.097947,0.446906463878327,0.0307039948581818,242.3188,484.6376,0.6865243972946409
Transit,0.37,858.4,2.0,10.95537705,4.57713934,4.49086066,0.0338888888888888,0.028449,0.8394786885245902,0.0436274578693181,223.3375,446.675,0.5335322109500574
Fast Transit,0.35,812.0,2.0,11.03917105,4.417,4.44402632,0.0211111111111111,0.015964,0.7561894736842104,0.0417576012556818,225.9805,451.961,1.615735483317578
Transit,0.29,672.8,2.0,10.9816875,2.494,4.162,0.0044444444444444,0.002759,0.6207750000000001,0.0359057382911363,234.5143,469.0286,12.01404069994069
Eco Transit,0.2,464.0,2.0,6.16216667,2.51548333,4.10285,0.05,0.017104,0.34208,0.0262938258181818,249.016,498.032,0.5372910324007142
Transit,0.31,719.2,2.0,9.11135533,2.40318782,3.94084264,0.1641666666666666,0.10557,0.6430659898477158,0.0378999345356818,231.5689,463.1378,0.6409971153198653
Transit,0.29,672.8,2.0,9.1586,4.506,3.83801667,0.0166666666666666,0.00986901,0.5921406,0.0359057382911363,234.5143,469.0286,2.638231017208045
Transit,0.32,742.4,2.0,9.19126606,4.27340367,4.24445413,0.1816666666666666,0.125918,0.6931266055045873,0.0388800932363636,230.134,460.268,0.6912268838739208
Transit,0.29,672.8,2.0,9.21253846,4.508,3.84173077,0.0216666666666666,0.012986,0.5993538461538461,0.0359057382911363,234.5143,469.0286,1.7649575151036785
Fast Transit,0.29,672.8,2.0,11.02043243,2.498,4.158,0.0308333333333333,0.018938,0.6142054054054055,0.0359057382911363,234.5143,469.0286,0.8959625246138117
Transit,0.31,719.2,2.0,9.08744186,2.47460465,4.703,0.0358333333333333,0.024241,0.6764930232558138,0.0378999345356818,231.5689,463.1378,0.5634641531158711
Transit,0.35,812.0,2.0,10.82581573,2.59565337,4.62986517,0.4944444444444444,0.389251,0.787249213483146,0.0417576012556818,225.9805,451.961,0.8927232010818679
Transit,0.34,788.8000000000001,2.0,9.10429892,2.48585376,4.21496559,0.1291666666666666,0.09516701,0.7367768516129031,0.0408085274627272,227.33980000000005,454.6796000000001,0.5711904003001955
Eco Transit,0.22,510.4,2.0,4.44246814,4.30088643,4.36439058,0.2005555555555555,0.084851,0.4230797783933517,0.02852841455,245.617,491.234,0.663782223544802
Eco Transit,0.36,835.1999999999999,2.0,8.446,2.566,3.841,0.0136111111111111,0.01096601,0.8056660408163265,0.04269711168,224.64640000000003,449.29280000000006,2.8935867904552346
Eco Transit,0.22,510.4,2.0,5.220687,2.374904,4.546724,0.0275,0.010646,0.3871272727272727,0.02852841455,245.617,491.234,1.6797308425699795
Fast Transit,0.35,812.0,2.0,11.06568421,4.612,4.64305263,0.0263888888888888,0.019886,0.7535747368421053,0.0417576012556818,225.9805,451.961,1.0998492032425733
Eco Transit,0.36,835.1999999999999,2.0,8.94291209,4.48,4.01149451,0.0252777777777777,0.020359,0.805410989010989,0.04269711168,224.64640000000003,449.29280000000006,1.0972106527825536
Transit,0.33,765.6,2.0,10.959,4.411,4.83,0.0075,0.005369,0.7158666666666667,0.0398494911675,228.72430000000003,457.44860000000006,6.422144005867015
Eco Transit,0.31,719.2,2.0,8.6734073,2.56749672,4.24170385,1.3988888888888888,0.93526701,0.6685784821286735,0.0378999345356818,231.5689,463.1378,0.9594768829324132
Fast Transit,0.34,788.8000000000001,2.0,11.037,4.43,4.46,0.0080555555555555,0.006091,0.7561241379310345,0.0408085274627272,227.33980000000005,454.6796000000001,5.699807496753782
Transit,0.33,765.6,2.0,9.01976786,2.534,4.47898214,0.0155555555555555,0.011274,0.7247571428571429,0.0398494911675,228.72430000000003,457.44860000000006,2.5346364349387973
Transit,0.32,742.4,2.0,9.073053,2.568291,4.489039,0.0105555555555555,0.007325,0.6939473684210526,0.0388800932363636,230.134,460.268,4.307862557865344
Transit,0.35,812.0,2.0,9.14419178,4.60275342,4.50026027,0.0202777777777777,0.01540199,0.7595501917808221,0.0417576012556818,225.9805,451.961,1.7111822079927212
Eco Transit,0.28,649.6,2.0,7.41338636,4.73706439,3.47830682,0.0733333333333333,0.04357201,0.5941637727272727,0.03489090248,236.02480000000003,472.04960000000005,0.1992358745901324
Eco Transit,0.23,533.6,2.0,4.30415663,2.533,3.67740964,0.0230555555555555,0.009953,0.4316963855421687,0.0296233811902272,243.9553,487.9106,1.976326855242367
Transit,0.35,812.0,2.0,9.146,2.558,3.819,0.0075,0.005814,0.7752,0.0417576012556818,225.9805,451.961,6.182249957977609
Transit,0.37,858.4,2.0,10.99280952,4.58952381,4.50140476,0.0349999999999999,0.02942,0.8405714285714287,0.0436274578693181,223.3375,446.675,0.4829183504187008
Transit,0.29,672.8,2.0,9.223,4.466,3.815,0.0141666666666666,0.008253,0.582564705882353,0.0359057382911363,234.5143,469.0286,3.350628655172224
Eco Transit,0.33,765.6,2.0,8.85529207,2.53209989,4.27181868,0.2558333333333333,0.18328599,0.71642732247557,0.0398494911675,228.72430000000003,457.44860000000006,0.7825829941093697
Eco Transit,0.32,742.4,2.0,8.92236364,2.48990909,4.85881818,0.0183333333333333,0.012634,0.6891272727272727,0.0388800932363636,230.134,460.268,2.077417542849742
Eco Transit,0.28,649.6,2.0,8.86093103,4.45,3.855,0.0161111111111111,0.00922801,0.5727730344827586,0.03489090248,236.02480000000003,472.04960000000005,2.7809779659970038
Eco Transit,0.28,649.6,2.0,8.86027143,4.458,3.83504286,0.0388888888888888,0.022502,0.5786228571428572,0.03489090248,236.02480000000003,472.04960000000005,0.5505689485379079
Transit,0.37,858.4,2.0,10.96994276,4.58674727,4.4949007,0.7133333333333333,0.59913301,0.8399060887850468,0.0436274578693181,223.3375,446.675,0.9271823499270752
Eco Transit,0.19,440.8,2.0,4.03991803,4.672,4.71647541,0.0169444444444444,0.005622,0.3317901639344263,0.0251534054593181,250.7533,501.5066000000001,3.4741027142152583
Transit,0.29,672.8,2.0,9.14874641,4.49897129,3.83652871,0.1161111111111111,0.06816999,0.5871099617224881,0.0359057382911363,234.5143,469.0286,0.4732911316088448
Transit,0.35,812.0,2.0,9.73108627,2.59679685,3.63642061,6.678055555555556,5.039734,0.7546708705960651,0.0417576012556818,225.9805,451.961,0.9917143243560708
Eco Transit,0.21,487.2,2.0,4.144,4.638,3.91,0.0052777777777777,0.001919,0.3636,0.0274186958038636,247.3039,494.6078,13.28801240430622
Eco Transit,0.32,742.4,2.0,8.90375581,2.477,4.72148256,0.0477777777777777,0.032825,0.6870348837209302,0.0388800932363636,230.134,460.268,0.1844659020979022
Eco Transit,0.23,533.6,2.0,7.56414102,2.61242308,3.98894872,0.1083333333333333,0.04913,0.4535076923076923,0.0296233811902272,243.9553,487.9106,0.3970408876403973
Transit,0.32,742.4,2.0,9.34429734,4.23064784,4.22891196,1.3377777777777775,0.929526,0.6948284053156146,0.0388800932363636,230.134,460.268,0.958172129411804
Transit,0.33,765.6,2.0,8.98612903,4.27351613,4.26851613,0.0086111111111111,0.005988,0.6953806451612904,0.0398494911675,228.72430000000003,457.44860000000006,5.654891644539078
Transit,0.29,672.8,2.0,10.948,2.494,4.162,0.0091666666666666,0.005664,0.617890909090909,0.0359057382911363,234.5143,469.0286,5.339289952531138
Transit,0.34,788.8000000000001,2.0,9.11947911,4.45977994,4.17828412,0.0997222222222222,0.074095,0.7430139275766017,0.0408085274627272,227.33980000000005,454.6796000000001,0.4492404688207397
Eco Transit,0.33,765.6,2.0,8.83014607,4.28479775,4.24940449,0.0247222222222222,0.017272,0.6986426966292134,0.0398494911675,228.72430000000003,457.44860000000006,1.3071729485583603
Eco Transit,0.36,835.1999999999999,2.0,8.95246154,4.606,3.98753846,0.0144444444444444,0.011366,0.786876923076923,0.04269711168,224.64640000000003,449.29280000000006,2.756564462431814
Transit,0.3,696.0,2.0,9.39813793,4.25244828,4.26410345,0.0161111111111111,0.010396,0.6452689655172414,0.0369086159318181,233.029,466.0580000000001,2.5502708668543845
Transit,0.35,812.0,2.0,9.219664,2.603301,4.541808,0.0297222222222222,0.022966,0.7726878504672897,0.0417576012556818,225.9805,451.961,0.8182357073796837
Fast Transit,0.34,788.8000000000001,2.0,11.05739806,4.4893932,3.73982039,0.0572222222222222,0.043711,0.7638815533980582,0.0408085274627272,227.33980000000005,454.6796000000001,0.0664014215477274
Eco Transit,0.32,742.4,2.0,8.96973913,4.68121739,3.38213043,0.0255555555555555,0.018382,0.7192956521739131,0.0388800932363636,230.134,460.268,1.1151176823176827
Transit,0.36,835.1999999999999,2.0,10.77829276,4.64175475,3.55610511,0.4677777777777778,0.389098,0.8318009501187649,0.04269711168,224.64640000000003,449.29280000000006,0.890266432415484
Transit,0.31,719.2,2.0,10.94438017,4.43720661,4.78970248,0.0336111111111111,0.022787,0.6779603305785125,0.0378999345356818,231.5689,463.1378,0.6632261612183186
Eco Transit,0.37,858.4,2.0,8.61841748,4.58273786,4.92039806,0.0286111111111111,0.02293801,0.8017168543689321,0.0436274578693181,223.3375,446.675,0.9019722229312036
Transit,0.33,765.6,2.0,9.09765306,2.53214286,4.26526531,0.0544444444444444,0.038691,0.7106510204081633,0.0398494911675,228.72430000000003,457.44860000000006,0.0299421355741644
Transit,0.33,765.6,2.0,10.48133187,2.48534972,4.25112004,0.8316666666666667,0.603755,0.7259579158316634,0.0398494911675,228.72430000000003,457.44860000000006,0.9339972486066368
Transit,0.33,765.6,2.0,9.20563646,2.55135249,4.24460994,0.2513888888888889,0.179371,0.71352,0.0398494911675,228.72430000000003,457.44860000000006,0.7778376038071929
Transit,0.32,742.4,2.0,9.38049474,4.51163158,3.6900807,0.0791666666666666,0.055811,0.704981052631579,0.0388800932363636,230.134,460.268,0.3033614657260461
Eco Transit,0.28,649.6,2.0,8.9652549,4.44537908,3.86562092,0.0424999999999999,0.02424401,0.570447294117647,0.03489090248,236.02480000000003,472.04960000000005,0.4391555885350652
Transit,0.3,696.0,2.0,10.92995652,2.492,4.08956522,0.0063888888888888,0.004021,0.6293739130434782,0.0369086159318181,233.029,466.0580000000001,8.178964419750855
Eco Transit,0.31,719.2,2.0,8.94936538,2.557,4.461,0.0144444444444444,0.00960001,0.664616076923077,0.0378999345356818,231.5689,463.1378,2.9479057350650497
Transit,0.33,765.6,2.0,9.047,2.524,4.242,0.0069444444444444,0.005024,0.723456,0.0398494911675,228.72430000000003,457.44860000000006,6.931825471238057
Eco Transit,0.24,556.8,2.0,5.788354,4.404883,4.128678,0.1027777777777777,0.047325,0.4604594594594594,0.0307039948581818,242.3188,484.6376,0.3512098286702204
Transit,0.33,765.6,2.0,10.519537,2.480941,4.250877,0.7069444444444444,0.509941,0.7213310805500983,0.0398494911675,228.72430000000003,457.44860000000006,0.9218547024704818
Transit,0.36,835.1999999999999,2.0,10.88503333,4.583,3.99756667,0.0083333333333333,0.00672,0.8064,0.04269711168,224.64640000000003,449.29280000000006,5.353736857142858
Eco Transit,0.34,788.8000000000001,2.0,8.045727,2.600848,4.56321,0.12,0.08874,0.7395,0.0408085274627272,227.33980000000005,454.6796000000001,0.5401337901428073
Fast Transit,0.3,696.0,2.0,11.02974074,2.553,4.159,0.0075,0.00485,0.6466666666666667,0.0369086159318181,233.029,466.0580000000001,6.610023903467667
Transit,0.34,788.8000000000001,2.0,9.10246512,2.561,4.03,0.0119444444444444,0.008741,0.7318046511627907,0.0408085274627272,227.33980000000005,454.6796000000001,3.6686337332945063
Transit,0.35,812.0,2.0,9.08293662,4.623,3.90817606,0.0394444444444444,0.030312,0.7684732394366197,0.0417576012556818,225.9805,451.961,0.3775930738876292
Transit,0.36,835.1999999999999,2.0,9.52593069,4.57249505,4.84270297,0.1683333333333333,0.13072799,0.7766019207920791,0.04269711168,224.64640000000003,449.29280000000006,0.6733896720970007
Eco Transit,0.24,556.8,2.0,4.20305114,4.52365341,3.79342614,0.0488888888888888,0.02192699,0.4485066136363637,0.0307039948581818,242.3188,484.6376,0.4002831605332888
Eco Transit,0.19,440.8,2.0,4.05282927,4.705,4.13173171,0.0227777777777777,0.007115,0.3123658536585366,0.0251534054593181,250.7533,501.5066000000001,2.5352642950552613
Eco Transit,0.34,788.8000000000001,1.23076923,10.594,2.511,4.055,0.0036111111111111,0.001589,0.4400307692307692,0.0408085274627272,227.33980000000005,454.6796000000001,24.68189267635449
Fast Transit,0.33,765.6,2.0,10.99251163,4.415,4.82890698,0.0119444444444444,0.00857501,0.7179078139534882,0.0398494911675,228.72430000000003,457.44860000000006,3.6471655621975954
Eco Transit,0.25,580.0,2.0,6.07520518,4.64426494,3.8533008,0.1394444444444444,0.072827,0.5222653386454184,0.0317706546875,240.7075,481.415,0.5637517035234184
Transit,0.35,812.0,2.0,9.36755556,2.566,3.884,0.015,0.011502,0.7668,0.0417576012556818,225.9805,451.961,2.6304643762547224
Eco Transit,0.21,487.2,2.0,5.834826,2.338768,4.407858,0.0238888888888888,0.008755,0.3664883720930232,0.0274186958038636,247.3039,494.6078,2.1317756486423343
Eco Transit,0.33,765.6,2.0,8.806234,2.547782,4.433963,0.0130555555555555,0.00927,0.7100425531914893,0.0398494911675,228.72430000000003,457.44860000000006,3.2987584862459545
Fast Transit,0.37,858.4,2.0,11.036,4.578,4.49,0.0038888888888888,0.003267,0.8400857142857143,0.0436274578693181,223.3375,446.675,12.353981594526532
Eco Transit,0.21,487.2,2.0,6.65634846,4.52346499,4.35489188,0.9916666666666666,0.390196,0.3934749579831933,0.0274186958038636,247.3039,494.6078,0.9297309664787348
Eco Transit,0.21,487.2,2.0,7.20054917,4.54661967,4.11372699,0.6186111111111111,0.246185,0.397964077233947,0.0274186958038636,247.3039,494.6078,0.8886256441137208
Eco Transit,0.32,742.4,2.0,8.76864103,4.51189744,3.69479487,0.0108333333333333,0.007776,0.7177846153846154,0.0388800932363636,230.134,460.268,4.000011990273102
Transit,0.35,812.0,2.0,10.80762441,4.60686758,4.21651178,0.5894444444444444,0.461636,0.7831713477851083,0.0417576012556818,225.9805,451.961,0.909544313581086
Fast Transit,0.32,742.4,2.0,11.052,2.559,3.792,0.0030555555555555,0.002063,0.6751636363636364,0.0388800932363636,230.134,460.268,17.846385475697353
Transit,0.32,742.4,2.0,8.9725,4.2465,4.28425,0.0188888888888888,0.012979,0.6871235294117647,0.0388800932363636,230.134,460.268,1.9956154739474263
Eco Transit,0.22,510.4,2.0,6.19790267,4.58893151,4.04309409,0.7705555555555557,0.334189,0.4336987743330929,0.02852841455,245.617,491.234,0.9146338911514144
Transit,0.33,765.6,1.99966285,10.4070145,2.49450101,4.3567028,1.6477777777777778,1.13527301,0.6889721571139581,0.0398494911675,228.72430000000003,457.44860000000006,0.9648987593147308
Transit,0.32,742.4,2.0,10.98172727,4.427,4.809,0.0030555555555555,0.002157,0.7059272727272727,0.0388800932363636,230.134,460.268,17.025077995532516
Eco Transit,0.18,417.6,2.0,4.07,4.671,4.727,0.0033333333333333,0.00104,0.3119999999999999,0.0239970355936363,252.5158,505.0316,22.074072686188817
Eco Transit,0.34,788.8000000000001,2.0,8.888,2.561,4.03,0.0055555555555555,0.004121,0.7417799999999999,0.0408085274627272,227.33980000000005,454.6796000000001,8.902578855308732
Transit,0.36,835.1999999999999,2.0,9.12562162,2.565,3.84193243,0.0205555555555555,0.015967,0.7767729729729729,0.04269711168,224.64640000000003,449.29280000000006,1.6740847798584586
Eco Transit,0.34,788.8000000000001,1.63636364,9.293,2.451,4.547,0.0030555555555555,0.00183,0.5989090909090908,0.0408085274627272,227.33980000000005,454.6796000000001,21.299741782911084
Eco Transit,0.24,556.8,2.0,6.18649016,2.50426429,4.11475633,0.2963888888888888,0.137834,0.4650444236176195,0.0307039948581818,242.3188,484.6376,0.7772393251434202
Eco Transit,0.22,510.4,2.0,6.00977348,4.62217127,3.84801105,0.0502777777777777,0.02002299,0.398247314917127,0.02852841455,245.617,491.234,0.4247829395110321
Transit,0.35,812.0,2.0,9.201,2.562,3.837,0.0127777777777777,0.009887,0.7737652173913043,0.0417576012556818,225.9805,451.961,3.22348551185211
Eco Transit,0.34,788.8000000000001,2.0,8.934686,2.603358,4.54098,0.0097222222222222,0.007373,0.7583657142857143,0.0408085274627272,227.33980000000005,454.6796000000001,4.534860635118308
Eco Transit,0.2,464.0,2.0,6.65583871,4.68964516,4.18564516,0.0172222222222222,0.006327,0.3673741935483871,0.0262938258181818,249.016,498.032,3.1558125206546257
Transit,0.28,649.6,2.0,10.94603415,2.47381951,4.35394634,0.0569444444444444,0.031926,0.5606517073170731,0.03489090248,236.02480000000003,472.04960000000005,0.0928679596567062
Eco Transit,0.32,742.4,2.0,8.8437931,2.493,4.88337931,0.0161111111111111,0.011421,0.7088896551724139,0.0388800932363636,230.134,460.268,2.404263482739133
Eco Transit,0.36,835.1999999999999,2.0,8.60815385,2.565,3.83923077,0.0325,0.02586699,0.7959073846153846,0.04269711168,224.64640000000003,449.29280000000006,0.6506409010093561
Eco Transit,0.22,510.4,2.0,6.02531721,4.69897163,4.57017023,0.5972222222222222,0.251192,0.4206005581395349,0.02852841455,245.617,491.234,0.8864278537931145
Eco Transit,0.24,556.8,2.0,5.50732071,2.50624916,4.13607155,0.3299999999999999,0.151078,0.4578121212121212,0.0307039948581818,242.3188,484.6376,0.7967672668543281
Transit,0.28,649.6,2.0,10.88976923,2.48068531,4.34873427,0.0397222222222222,0.022416,0.5643188811188811,0.03489090248,236.02480000000003,472.04960000000005,0.5565177765881517
Eco Transit,0.34,788.8000000000001,2.0,8.875,4.613,3.891,0.0097222222222222,0.007413,0.76248,0.0408085274627272,227.33980000000005,454.6796000000001,4.504994936291283
Transit,0.3,696.0,2.0,10.49743424,2.52467488,4.14626278,3.4491666666666667,2.219402,0.6434603527422083,0.0369086159318181,233.029,466.0580000000001,0.9833700177201704
Transit,0.28,649.6,2.0,9.033,4.453,3.85364773,0.0244444444444444,0.013899,0.5685954545454546,0.03489090248,236.02480000000003,472.04960000000005,1.5103174674437014
Eco Transit,0.2,464.0,2.0,4.17321739,4.665,4.709,0.0063888888888888,0.002116,0.3311999999999999,0.0262938258181818,249.016,498.032,11.426193675889328
Eco Transit,0.31,719.2,2.0,7.055299,2.478934,4.317657,0.0241666666666666,0.015944,0.659751724137931,0.0378999345356818,231.5689,463.1378,1.3770656382138629
Transit,0.35,812.0,2.0,9.3045814,2.56160465,3.849,0.0119444444444444,0.009216,0.7715720930232558,0.0417576012556818,225.9805,451.961,3.53098971958353
Eco Transit,0.34,788.8000000000001,2.0,8.66531056,4.70779192,3.4688913,0.0894444444444444,0.068622,0.7672024844720498,0.0408085274627272,227.33980000000005,454.6796000000001,0.4053142219298871
Transit,0.34,788.8000000000001,2.0,9.79079223,2.49739743,4.34869303,7.719722222222222,5.81793299,0.7536453803029758,0.0408085274627272,227.33980000000005,454.6796000000001,0.992985734360834
Transit,0.36,835.1999999999999,2.0,9.0087874,4.611,3.99917323,0.0352777777777777,0.027759,0.7868692913385826,0.04269711168,224.64640000000003,449.29280000000006,0.5381358002809902
Eco Transit,0.35,812.0,2.0,9.0011,2.447,4.579,0.0111111111111111,0.008715,0.78435,0.0417576012556818,225.9805,451.961,3.7914631389193127
Transit,0.35,812.0,2.0,9.16683333,2.566,3.838,0.02,0.01556,0.7779999999999999,0.0417576012556818,225.9805,451.961,1.6836504663034588
Eco Transit,0.25,580.0,2.0,4.91295238,4.586,4.15752381,0.0291666666666666,0.01472501,0.5048574857142857,0.0317706546875,240.7075,481.415,1.1575981739570982
Eco Transit,0.21,487.2,2.0,5.76427955,4.62114001,3.99652248,0.5991666666666667,0.22969,0.3833490959666202,0.0274186958038636,247.3039,494.6078,0.8806273855898662
Eco Transit,0.36,835.1999999999999,2.0,8.67827273,2.566,3.88948485,0.0183333333333333,0.01446699,0.7891085454545455,0.04269711168,224.64640000000003,449.29280000000006,1.9513472864776988
Eco Transit,0.35,812.0,2.0,8.23048102,4.62364611,4.55339374,0.2927777777777777,0.224037,0.7652117647058824,0.0417576012556818,225.9805,451.961,0.8136129244023005
Eco Transit,0.23,533.6,2.0,4.01023529,2.594,4.58332353,0.0094444444444444,0.004165,0.441,0.0296233811902272,243.9553,487.9106,6.112456468241843
Transit,0.27,626.4000000000001,2.0,9.044,4.71,3.521,0.0063888888888888,0.003642,0.5700521739130434,0.0338637093647727,237.5605,475.121,8.298108007900256
Eco Transit,0.36,835.1999999999999,2.0,8.72521875,2.56534375,3.83865625,0.0177777777777777,0.01406601,0.7912130625,0.04269711168,224.64640000000003,449.29280000000006,2.035481396643398
Fast Transit,0.31,719.2,2.0,11.08262832,4.436,4.79083186,0.0313888888888888,0.021217,0.6759398230088496,0.0378999345356818,231.5689,463.1378,0.7863003504586807
Eco Transit,0.21,487.2,2.0,4.2928,2.454,4.5836,0.0125,0.004757,0.3805599999999999,0.0274186958038636,247.3039,494.6078,4.763862897595887
Transit,0.32,742.4,2.0,9.269,2.49385714,4.88657143,0.0622222222222222,0.04292699,0.6898980535714285,0.0388800932363636,230.134,460.268,0.0942739466157854
Eco Transit,0.39,904.8,2.0,8.889,4.37,3.815,0.0036111111111111,0.002862,0.7925538461538462,0.0454622540775,220.79530000000003,441.59060000000005,14.884784792976944
Transit,0.33,765.6,2.0,9.40737783,4.6124005,3.89412594,0.1102777777777777,0.082043,0.743966750629723,0.0398494911675,228.72430000000003,457.44860000000006,0.514285299568519
Eco Transit,0.36,835.1999999999999,2.0,8.86743915,4.88232804,4.70274074,0.0525,0.042628,0.8119619047619047,0.04269711168,224.64640000000003,449.29280000000006,0.0016212742798161
Eco Transit,0.34,788.8000000000001,2.0,9.0584,4.6108,3.8918,0.0152777777777777,0.011497,0.7525309090909091,0.0408085274627272,227.33980000000005,454.6796000000001,2.549493560296362
Eco Transit,0.28,649.6,2.0,8.21641882,4.7674302,4.49423681,0.2686111111111111,0.156559,0.58284632885212,0.03489090248,236.02480000000003,472.04960000000005,0.7771389541323078
Eco Transit,0.33,765.6,2.0,8.27738575,2.57057889,4.48032432,9.4,6.88413097,0.7323543585106382,0.0398494911675,228.72430000000003,457.44860000000006,0.9942113984552068
Eco Transit,0.32,742.4,2.0,8.82082796,2.47510753,4.71086022,0.0516666666666666,0.035594,0.6889161290322581,0.0388800932363636,230.134,460.268,0.0923215495972254
Eco Transit,0.34,788.8000000000001,1.14285714,10.237,2.51,4.049,0.0038888888888888,0.001578,0.4057714285714285,0.0408085274627272,227.33980000000005,454.6796000000001,24.86091727676
Eco Transit,0.32,742.4,2.0,8.83546667,2.47855556,4.73633333,0.1125,0.076805,0.682711111111111,0.0388800932363636,230.134,460.268,0.4937817429026281
Transit,0.36,835.1999999999999,2.0,10.78678988,4.55933795,3.9833587,0.7627777777777778,0.61249401,0.8029783088128187,0.04269711168,224.64640000000003,449.29280000000006,0.9302897481723944
Transit,0.32,742.4,2.0,9.01695238,4.273,4.24969048,0.0116666666666666,0.00805599,0.6905134285714286,0.0388800932363636,230.134,460.268,3.826234048995051
Eco Transit,0.3,696.0,2.0,7.07758824,4.86045098,4.39090196,0.0283333333333333,0.018219,0.6430235294117647,0.0369086159318181,233.029,466.0580000000001,1.025831051749173
Transit,0.34,788.8000000000001,2.0,10.20756698,4.75213515,4.20114914,6.4991666666666665,4.77328599,0.734445850493653,0.0408085274627272,227.33980000000005,454.6796000000001,0.9914506426918016
Transit,0.29,672.8,2.0,9.12681818,4.555,3.91,0.0030555555555555,0.00177443,0.5807225454545454,0.0359057382911363,234.5143,469.0286,19.235082979399788
Eco Transit,0.21,487.2,2.0,4.12571698,4.508,3.711,0.0147222222222222,0.005469,0.3714792452830189,0.0274186958038636,247.3039,494.6078,4.013475188126464
Transit,0.32,742.4,2.0,8.995415,2.593393,4.231118,0.0113888888888888,0.007742,0.6797853658536585,0.0388800932363636,230.134,460.268,4.021970193278693
Eco Transit,0.33,765.6,2.0,8.772333,2.526369,3.648526,0.0041666666666666,0.002936,0.7046399999999999,0.0398494911675,228.72430000000003,457.44860000000006,12.57271497530654
Eco Transit,0.21,487.2,2.0,6.06972258,2.41550968,4.37616129,0.0430555555555555,0.016512,0.3835045161290322,0.0274186958038636,247.3039,494.6078,0.6605314803696486
Eco Transit,0.33,765.6,2.0,8.93116265,4.24298795,4.24544578,0.0461111111111111,0.032339,0.7013277108433735,0.0398494911675,228.72430000000003,457.44860000000006,0.232242529685519
Eco Transit,0.2,464.0,2.0,4.0645,4.661,4.69383333,0.0166666666666666,0.005632,0.33792,0.0262938258181818,249.016,498.032,3.6686480501033056
Eco Transit,0.33,765.6,2.0,8.97,4.56,4.138,0.0030555555555555,0.002238,0.7324363636363636,0.0398494911675,228.72430000000003,457.44860000000006,16.80584949396783
Eco Transit,0.37,858.4,2.0,8.6927218,4.63665414,4.04893985,0.0369444444444444,0.029665,0.8029624060150375,0.0436274578693181,223.3375,446.675,0.4706710894764261
Eco Transit,0.2,464.0,2.0,4.144,4.534,4.096,0.0105555555555555,0.003754,0.3556421052631578,0.0262938258181818,249.016,498.032,6.004215721412312
Eco Transit,0.36,835.1999999999999,2.0,8.67325352,2.558,3.81992958,0.0394444444444444,0.03106099,0.7874617183098592,0.04269711168,224.64640000000003,449.29280000000006,0.3746217258368134
Transit,0.3,696.0,2.0,10.07332695,4.73631425,4.87753377,10.6575,6.793629,0.6374505277973258,0.0369086159318181,233.029,466.0580000000001,0.994567172282764
Transit,0.34,788.8000000000001,2.0,9.02,4.689,3.409,0.0088888888888888,0.006752,0.7596,0.0408085274627272,227.33980000000005,454.6796000000001,5.0439169820389935
Transit,0.31,719.2,1.9999448,10.32831211,2.48453606,3.89732867,10.064166666666669,6.568385,0.652650658276062,0.0378999345356818,231.5689,463.1378,0.9942299462446732
Transit,0.35,812.0,2.0,9.39828814,2.56664407,3.84381356,0.0819444444444444,0.063323,0.7727552542372882,0.0417576012556818,225.9805,451.961,0.3405618613192392
Transit,0.33,765.6,2.0,11.04696825,4.408,4.82506349,0.0174999999999999,0.012541,0.7166285714285715,0.0398494911675,228.72430000000003,457.44860000000006,2.177536972131409
Transit,0.36,835.1999999999999,2.0,9.17417526,4.6218866,4.00424742,0.0269444444444444,0.021028,0.7804206185567011,0.04269711168,224.64640000000003,449.29280000000006,1.0304884763172912
Transit,0.35,812.0,2.0,9.06362281,4.83488596,4.66328947,0.095,0.0747,0.7863157894736842,0.0417576012556818,225.9805,451.961,0.4409959671260801
Eco Transit,,0.0,,6.99883459,2.49,4.38087218,0.0369444444444444,0.0,0.0,0.0,288.55,577.1,
Fast Transit,0.3,696.0,2.0,11.15188565,2.54406054,4.16208744,0.4955555555555556,0.319464,0.6446582959641256,0.0369086159318181,233.029,466.0580000000001,0.8844670575344383
Eco Transit,0.35,812.0,2.0,8.87734043,4.45,4.156,0.0130555555555555,0.009825,0.7525531914893617,0.0417576012556818,225.9805,451.961,3.250137532384917
Transit,0.31,719.2,2.0,10.943,4.437,4.792,0.0058333333333333,0.00393201,0.6740588571428571,0.0378999345356818,231.5689,463.1378,8.63881946782481
Transit,0.34,788.8000000000001,2.0,9.63979237,4.59138559,4.98573799,0.7866666666666666,0.571212,0.7261169491525424,0.0408085274627272,227.33980000000005,454.6796000000001,0.9285580004223876
Transit,0.28,649.6,2.0,9.17817241,4.464,3.823,0.0080555555555555,0.00471599,0.5854332413793103,0.03489090248,236.02480000000003,472.04960000000005,6.39842588300654
Eco Transit,0.34,788.8000000000001,2.0,8.79394915,2.444,4.595,0.0163888888888888,0.01242999,0.7584400677966101,0.0408085274627272,227.33980000000005,454.6796000000001,2.2830700155613384
Eco Transit,0.22,510.4,2.0,4.046,2.636,4.026,0.0036111111111111,0.001547,0.4284,0.02852841455,245.617,491.234,17.441121234647706
Transit,0.35,812.0,2.0,10.90414286,4.6636798,4.07588013,0.1691666666666666,0.13484299,0.7971014187192118,0.0417576012556818,225.9805,451.961,0.6903242708005672
Eco Transit,0.23,533.6,2.0,4.2364375,4.52606731,3.80922115,0.0577777777777777,0.02463301,0.4263405576923076,0.0296233811902272,243.9553,487.9106,0.2025887697129696
Eco Transit,0.32,742.4,2.0,8.911048,2.566499,4.24756,0.0583333333333333,0.039644,0.6796114285714285,0.0388800932363636,230.134,460.268,0.0192691646563504
Eco Transit,0.23,533.6,2.0,4.13407885,3.92749821,4.06663441,0.0775,0.034193,0.4412,0.0296233811902272,243.9553,487.9106,0.1336419386942567
Fast Transit,0.29,672.8,2.0,11.03593617,2.498,4.15857447,0.0261111111111111,0.016041,0.6143361702127659,0.0359057382911363,234.5143,469.0286,1.2383728128630611
Transit,0.36,835.1999999999999,2.0,9.004911,2.419472,4.538653,0.0527777777777777,0.041808,0.7921515789473684,0.04269711168,224.64640000000003,449.29280000000006,0.0212665442020667
Transit,0.29,672.8,2.0,10.8782,4.75187429,4.89030857,0.0972222222222222,0.06134699,0.6309976114285715,0.0359057382911363,234.5143,469.0286,0.4147106762510049
Eco Transit,0.32,742.4,2.0,8.90991429,2.469,4.67634286,0.0097222222222222,0.006651,0.6841028571428571,0.0388800932363636,230.134,460.268,4.845751501483032
Fast Transit,0.35,812.0,2.0,11.04483453,4.55556835,3.96207914,0.1544444444444444,0.12167399,0.7878172014388489,0.0417576012556818,225.9805,451.961,0.6568074963623547
Transit,0.32,742.4,2.0,9.15113677,2.49157371,4.86862167,0.1563888888888888,0.107874,0.6897804618117229,0.0388800932363636,230.134,460.268,0.6395786451196429
Eco Transit,0.29,672.8,2.0,8.89706818,4.459,3.83652273,0.0122222222222222,0.00705199,0.576981,0.0359057382911363,234.5143,469.0286,4.091575327125586
Fast Transit,0.34,788.8000000000001,2.0,11.04523256,4.436,4.46853488,0.0119444444444444,0.00899,0.7526511627906977,0.0408085274627272,227.33980000000005,454.6796000000001,3.539324523106484
Eco Transit,0.32,742.4,2.0,9.01,4.227,4.238,0.0102777777777777,0.00711299,0.6920747027027027,0.0388800932363636,230.134,460.268,4.466068873478473
Eco Transit,0.37,858.4,2.0,8.68444615,4.647,4.06686154,0.0180555555555555,0.014602,0.808726153846154,0.0436274578693181,223.3375,446.675,1.987772761903724
Transit,0.3,696.0,2.0,9.96833733,2.59817379,4.32663344,2.8969444444444443,1.887646,0.6515989644261195,0.0369086159318181,233.029,466.0580000000001,0.9804472788161456
Transit,0.37,858.4,2.0,10.98167958,4.57444014,4.4736338,0.0788888888888888,0.06641999,0.8419435352112676,0.0436274578693181,223.3375,446.675,0.3431577169867357
Transit,0.35,812.0,2.0,10.75783654,4.54287206,3.95915623,0.9227777777777776,0.737457,0.7991707405177605,0.0417576012556818,225.9805,451.961,0.94337622226695
Fast Transit,0.35,812.0,2.0,11.06772093,4.54778112,3.93977018,0.6091666666666666,0.48201701,0.7912727934336526,0.0417576012556818,225.9805,451.961,0.913369029745067
Eco Transit,0.33,765.6,2.0,7.71942946,2.51213774,4.14241094,2.67,1.95049,0.7305205992509364,0.0398494911675,228.72430000000003,457.44860000000006,0.9795694973224676
Transit,0.35,812.0,2.0,9.1611358,2.558,3.83214815,0.045,0.034737,0.7719333333333332,0.0417576012556818,225.9805,451.961,0.2021072992970555
Transit,0.31,719.2,2.0,10.98020755,2.555,3.79045283,0.0147222222222222,0.009607,0.6525509433962264,0.0378999345356818,231.5689,463.1378,2.9450332607142533
Transit,0.34,788.8000000000001,2.0,9.25065269,4.531,4.10519162,0.0463888888888888,0.034342,0.7403065868263472,0.0408085274627272,227.33980000000005,454.6796000000001,0.1882979285634874
Fast Transit,0.35,812.0,2.0,11.00477778,4.652,4.06377778,0.01,0.007929,0.7929,0.0417576012556818,225.9805,451.961,4.26643981027643
Transit,0.33,765.6,2.0,9.05398214,4.628,4.037,0.0155555555555555,0.011256,0.7236,0.0398494911675,228.72430000000003,457.44860000000006,2.5402888386194027
Eco Transit,0.32,742.4,2.0,8.99173684,4.23273684,4.23373684,0.0158333333333333,0.011023,0.6961894736842105,0.0388800932363636,230.134,460.268,2.527178920109194
Transit,0.32,742.4,2.0,10.12513804,4.37958399,4.06822346,7.118055555555555,4.99576399,0.7018439166439026,0.0388800932363636,230.134,460.268,0.992217387908198
Transit,0.33,765.6,2.0,10.46909999,2.45552845,4.34376363,3.368055555555556,2.39759801,0.7118641514226803,0.0398494911675,228.72430000000003,457.44860000000006,0.9833794109766132
Eco Transit,0.35,812.0,2.0,8.825,4.531,4.105,0.0030555555555555,0.002286,0.7481454545454544,0.0417576012556818,225.9805,451.961,17.2666672159588
Eco Transit,0.22,510.4,2.0,6.49393158,4.62281053,4.66225263,0.0527777777777777,0.020529,0.3889705263157894,0.02852841455,245.617,491.234,0.3896641117443618
Eco Transit,0.37,858.4,2.0,8.76195062,4.61187654,4.00494444,0.135,0.107421,0.795711111111111,0.0436274578693181,223.3375,446.675,0.5938647204055243
Transit,0.34,788.8000000000001,2.0,10.38655205,4.67542587,4.08509779,0.0880555555555555,0.06695099,0.7603267003154575,0.0408085274627272,227.33980000000005,454.6796000000001,0.3904716351061084
Eco Transit,0.28,649.6,2.0,7.12373034,4.655,4.80406742,0.0494444444444444,0.02785999,0.5634604719101124,0.03489090248,236.02480000000003,472.04960000000005,0.2523659369583408
Fast Transit,0.29,672.8,2.0,11.04677778,2.58577778,4.597,0.03,0.017817,0.5939,0.0359057382911363,234.5143,469.0286,1.015251629967804
Eco Transit,0.35,812.0,2.0,8.93777647,4.86416471,4.68087059,0.0236111111111111,0.018864,0.7989458823529412,0.0417576012556818,225.9805,451.961,1.2136132981171446
Eco Transit,0.2,464.0,2.0,4.09922051,4.489,4.1916,0.0541666666666666,0.01855901,0.3426278769230769,0.0262938258181818,249.016,498.032,0.4167687725897995
Fast Transit,0.37,858.4,2.0,11.19403017,4.55841026,4.49483107,1.8416666666666668,1.550671,0.8419933031674207,0.0436274578693181,223.3375,446.675,0.97186543253255
Transit,0.35,812.0,2.0,9.60910565,4.5266691,3.90101546,1.6716666666666664,1.297298,0.7760506480558327,0.0417576012556818,225.9805,451.961,0.9678118664673176
Transit,0.34,788.8000000000001,2.0,9.19931579,4.70373684,3.44952632,0.0211111111111111,0.015915,0.7538684210526315,0.0408085274627272,227.33980000000005,454.6796000000001,1.5641550400708315
Transit,0.33,765.6,2.0,9.25546756,4.22585242,4.21990394,0.4366666666666667,0.303607,0.6952832061068702,0.0398494911675,228.72430000000003,457.44860000000006,0.8687464677444856
Eco Transit,0.34,788.8000000000001,2.0,8.55019466,4.69508779,3.42984478,0.2183333333333333,0.169965,0.7784656488549618,0.0408085274627272,227.33980000000005,454.6796000000001,0.7599004061852306
Transit,0.35,812.0,2.0,9.32962069,2.561,3.84101724,0.0483333333333333,0.037298,0.7716827586206896,0.0417576012556818,225.9805,451.961,0.1195667664668834
Transit,0.28,649.6,2.0,9.17200719,4.458,3.83399281,0.0386111111111111,0.022157,0.5738503597122302,0.03489090248,236.02480000000003,472.04960000000005,0.5747123924719053
Eco Transit,0.33,765.6,2.0,7.39209524,4.72166667,4.08690476,0.0349999999999999,0.02439299,0.6969425714285715,0.0398494911675,228.72430000000003,457.44860000000006,0.6336452057537842
